"date","strategyEquity","spyBenchmark"
"2019-09-03","100000.00","100000.00"
"2019-09-04","100000.00","101135.04"
"2019-09-05","100000.00","102435.17"
"2019-09-06","100000.00","102514.27"
"2019-09-09","100000.00","102565.87"
"2019-09-10","100000.00","102541.80"
"2019-09-11","100000.00","103270.97"
"2019-09-12","100000.00","103628.68"
"2019-09-13","100000.00","103559.88"
"2019-09-16","100000.00","103240.01"
"2019-09-17","100000.00","103501.42"
"2019-09-18","100000.00","103563.33"
"2019-09-19","100000.00","103556.44"
"2019-09-20","100000.00","102593.39"
"2019-09-23","100000.00","102569.31"
"2019-09-24","100000.00","101764.46"
"2019-09-25","100000.00","102366.38"
"2019-09-26","100000.00","102153.13"
"2019-09-27","100000.00","101602.81"
"2019-09-30","100000.00","102074.02"
"2019-10-01","100000.00","100859.87"
"2019-10-02","100000.00","99078.22"
"2019-10-03","100000.00","99889.94"
"2019-10-04","100000.00","101241.66"
"2019-10-07","100000.00","100804.84"
"2019-10-08","100000.00","99239.87"
"2019-10-09","100000.00","100182.29"
"2019-10-10","100000.00","100859.87"
"2019-10-11","99839.44","101905.49"
"2019-10-14","99963.67","101791.99"
"2019-10-15","101720.35","102799.76"
"2019-10-16","99472.31","102634.66"
"2019-10-17","99640.42","102937.34"
"2019-10-18","98937.48","102486.76"
"2019-10-21","100902.87","103181.54"
"2019-10-22","100059.43","102844.47"
"2019-10-23","100613.74","103143.71"
"2019-10-24","103279.42","103312.24"
"2019-10-25","103555.77","103735.30"
"2019-10-28","104573.17","104320.01"
"2019-10-29","104234.37","104289.06"
"2019-10-30","104130.18","104608.94"
"2019-10-31","102943.77","104330.33"
"2019-11-01","106304.19","105296.84"
"2019-11-04","107658.55","105719.89"
"2019-11-05","107492.98","105602.95"
"2019-11-06","107272.20","105627.03"
"2019-11-07","107181.68","105998.49"
"2019-11-08","107581.10","106259.89"
"2019-11-11","107602.39","106056.96"
"2019-11-12","108553.19","106280.53"
"2019-11-13","108429.26","106314.93"
"2019-11-14","107136.36","106469.70"
"2019-11-15","109152.68","107240.15"
"2019-11-18","108938.01","107319.25"
"2019-11-19","108695.34","107288.30"
"2019-11-20","108472.14","106889.32"
"2019-11-21","105515.80","106717.34"
"2019-11-22","107545.68","106954.67"
"2019-11-25","109108.23","107783.59"
"2019-11-26","109385.89","108027.79"
"2019-11-27","109470.34","108509.33"
"2019-11-29","108772.59","108106.90"
"2019-12-02","107104.38","107188.56"
"2019-12-03","107779.46","106469.70"
"2019-12-04","107798.99","107126.64"
"2019-12-05","107329.22","107319.25"
"2019-12-06","105085.99","108299.51"
"2019-12-09","104888.14","107959.01"
"2019-12-10","104364.37","107838.62"
"2019-12-11","104875.97","108144.74"
"2019-12-12","107320.72","109076.84"
"2019-12-13","107120.78","109142.20"
"2019-12-16","108370.76","109892.00"
"2019-12-17","108726.95","109916.08"
"2019-12-18","108874.41","109922.96"
"2019-12-19","108610.69","110373.53"
"2019-12-20","108329.81","110315.07"
"2019-12-23","108604.95","110483.60"
"2019-12-24","109069.95","110487.04"
"2019-12-26","109600.64","111075.19"
"2019-12-27","109509.30","111047.67"
"2019-12-30","108304.85","110435.44"
"2019-12-31","108417.86","110703.72"
"2020-01-02","109828.62","111739.01"
"2020-01-03","108139.92","110892.90"
"2020-01-06","108049.75","111315.96"
"2020-01-07","108529.36","111002.97"
"2020-01-08","107404.43","111594.56"
"2020-01-09","109191.78","112351.24"
"2020-01-10","107964.98","112027.93"
"2020-01-13","108999.18","112798.38"
"2020-01-14","108538.66","112626.41"
"2020-01-15","106706.13","112880.93"
"2020-01-16","107234.74","113819.92"
"2020-01-17","107818.84","114174.18"
"2020-01-21","110530.08","113950.61"
"2020-01-22","112485.39","113964.37"
"2020-01-23","113129.19","114095.07"
"2020-01-24","111118.44","113080.42"
"2020-01-27","107400.18","111267.80"
"2020-01-28","107066.86","112433.80"
"2020-01-29","107773.24","112340.93"
"2020-01-30","113043.82","112705.51"
"2020-01-31","111758.23","110659.02"
"2020-02-03","118694.01","111481.05"
"2020-02-04","116234.89","113180.16"
"2020-02-05","113969.83","114487.17"
"2020-02-06","111872.07","114872.40"
"2020-02-07","112159.16","114260.17"
"2020-02-10","113357.05","115113.16"
"2020-02-11","113678.64","115312.66"
"2020-02-12","116106.92","116055.59"
"2020-02-13","116130.13","115931.76"
"2020-02-14","115958.49","116117.50"
"2020-02-18","116767.47","115818.26"
"2020-02-19","129795.90","116372.02"
"2020-02-20","121503.07","115893.93"
"2020-02-21","118041.04","114700.43"
"2020-02-24","111675.65","110896.34"
"2020-02-25","110729.96","107535.94"
"2020-02-26","110998.65","107140.40"
"2020-02-27","105837.74","102328.55"
"2020-02-28","107083.46","101898.61"
"2020-03-02","107083.46","106311.48"
"2020-03-03","106432.70","103267.52"
"2020-03-04","106742.09","107608.17"
"2020-03-05","107503.22","104031.09"
"2020-03-06","106777.39","102311.34"
"2020-03-09","106777.39","94321.39"
"2020-03-10","106777.39","99202.04"
"2020-03-11","106777.39","94366.10"
"2020-03-12","106777.39","85337.42"
"2020-03-13","106777.39","92632.60"
"2020-03-16","106777.39","82496.39"
"2020-03-17","106777.39","86950.54"
"2020-03-18","106777.39","82547.98"
"2020-03-19","106777.39","82723.40"
"2020-03-20","106777.39","78695.75"
"2020-03-23","106777.39","76683.64"
"2020-03-24","106777.39","83631.42"
"2020-03-25","106777.39","84883.40"
"2020-03-26","106777.39","89839.73"
"2020-03-27","106777.39","87163.79"
"2020-03-30","106777.39","89994.50"
"2020-03-31","106777.39","88653.10"
"2020-04-01","106777.39","84663.27"
"2020-04-02","106777.39","86616.91"
"2020-04-03","106777.39","85364.93"
"2020-04-06","106777.39","91098.57"
"2020-04-07","106777.39","91191.45"
"2020-04-08","106777.39","94252.60"
"2020-04-09","106777.39","95686.88"
"2020-04-13","106777.39","94813.24"
"2020-04-14","106777.39","97609.55"
"2020-04-15","106777.39","95535.54"
"2020-04-16","106777.39","95996.43"
"2020-04-17","106777.39","98589.81"
"2020-04-20","106777.39","96852.86"
"2020-04-21","106777.39","93912.09"
"2020-04-22","106777.39","95996.43"
"2020-04-23","106777.39","95989.54"
"2020-04-24","106777.39","97327.51"
"2020-04-27","106777.39","98730.82"
"2020-04-28","106777.39","98276.82"
"2020-04-29","106777.39","100849.56"
"2020-04-30","106777.39","99910.58"
"2020-05-01","106777.39","97265.60"
"2020-05-04","106777.39","97533.88"
"2020-05-05","106777.39","98435.03"
"2020-05-06","106777.39","97767.77"
"2020-05-07","106777.39","98947.51"
"2020-05-08","106777.39","100584.72"
"2020-05-11","106777.39","100605.36"
"2020-05-12","106777.39","98600.13"
"2020-05-13","106777.39","96856.30"
"2020-05-14","106777.39","98015.41"
"2020-05-15","106777.39","98465.99"
"2020-05-18","106777.39","101465.23"
"2020-05-19","106777.39","100423.06"
"2020-05-20","106777.39","102129.05"
"2020-05-21","106777.39","101423.96"
"2020-05-22","106777.39","101616.57"
"2020-05-26","106777.39","102868.54"
"2020-05-27","106777.39","104399.12"
"2020-05-28","105707.06","104206.51"
"2020-05-29","107398.07","104670.85"
"2020-06-01","106797.30","105093.90"
"2020-06-02","107004.53","105964.09"
"2020-06-03","108236.70","107374.29"
"2020-06-04","108292.44","107092.25"
"2020-06-05","109783.01","109836.97"
"2020-06-08","109482.94","111164.62"
"2020-06-09","108732.64","110335.70"
"2020-06-10","108250.28","109720.03"
"2020-06-11","103940.04","103394.78"
"2020-06-12","105149.92","104633.01"
"2020-06-15","105677.68","105609.82"
"2020-06-16","106284.07","107642.57"
"2020-06-17","107561.30","107195.44"
"2020-06-18","108704.38","107236.71"
"2020-06-19","108832.72","106156.71"
"2020-06-22","111027.89","106837.73"
"2020-06-23","110332.29","107329.57"
"2020-06-24","109580.96","104591.73"
"2020-06-25","110981.09","105713.01"
"2020-06-26","110577.72","103202.17"
"2020-06-29","110298.23","104718.99"
"2020-06-30","110298.23","106060.40"
"2020-07-01","112668.23","106803.33"
"2020-07-02","114404.07","107391.49"
"2020-07-06","116387.22","109049.32"
"2020-07-07","117266.59","107924.61"
"2020-07-08","118055.92","108750.09"
"2020-07-09","119601.37","108130.98"
"2020-07-10","120944.98","109235.06"
"2020-07-13","117312.77","108289.20"
"2020-07-14","117867.86","109692.52"
"2020-07-15","117639.15","110700.29"
"2020-07-16","117138.59","110335.70"
"2020-07-17","118566.05","110655.57"
"2020-07-20","118796.69","111549.84"
"2020-07-21","119134.79","111787.17"
"2020-07-22","119449.91","112423.47"
"2020-07-23","117017.38","111082.07"
"2020-07-24","118575.14","110366.66"
"2020-07-27","120375.12","111171.50"
"2020-07-28","117605.65","110466.40"
"2020-07-29","119515.16","111825.00"
"2020-07-30","118528.90","111426.02"
"2020-07-31","116216.01","112306.53"
"2020-08-03","117486.62","113087.30"
"2020-08-04","121224.65","113524.11"
"2020-08-05","123068.46","114229.21"
"2020-08-06","123247.85","114992.78"
"2020-08-07","122484.19","115075.33"
"2020-08-10","120529.11","115419.28"
"2020-08-11","117741.05","114466.53"
"2020-08-12","121417.79","116062.47"
"2020-08-13","120934.68","115852.65"
"2020-08-14","121311.83","115856.09"
"2020-08-17","122455.70","116224.12"
"2020-08-18","121073.23","116475.21"
"2020-08-19","120510.30","115990.24"
"2020-08-20","119909.52","116351.38"
"2020-08-21","120752.02","116764.13"
"2020-08-24","120843.94","117947.32"
"2020-08-25","122817.26","118360.05"
"2020-08-26","122714.15","119546.68"
"2020-08-27","121146.14","119808.08"
"2020-08-28","122676.54","120581.96"
"2020-08-31","123752.14","120145.15"
"2020-09-01","125997.40","121276.75"
"2020-09-02","127330.10","123030.90"
"2020-09-03","120414.75","118796.87"
"2020-09-04","120541.44","117826.93"
"2020-09-08","120271.39","114607.55"
"2020-09-09","121299.61","116870.75"
"2020-09-10","121228.01","114841.45"
"2020-09-11","121019.16","114899.91"
"2020-09-14","123617.63","116413.29"
"2020-09-15","125705.89","117001.45"
"2020-09-16","126618.40","116537.12"
"2020-09-17","125899.13","115512.14"
"2020-09-18","123869.36","113727.04"
"2020-09-21","120145.45","112461.31"
"2020-09-22","121584.77","113606.66"
"2020-09-23","121214.14","110972.01"
"2020-09-24","117977.54","111267.80"
"2020-09-25","120236.24","113066.67"
"2020-09-28","120348.01","114944.63"
"2020-09-29","118921.17","114318.64"
"2020-09-30","122737.37","115185.40"
"2020-10-01","122359.74","115924.89"
"2020-10-02","121158.55","114824.24"
"2020-10-05","124866.59","116860.43"
"2020-10-06","123827.34","115199.15"
"2020-10-07","127894.94","117204.38"
"2020-10-08","127864.81","118243.11"
"2020-10-09","133655.68","119299.04"
"2020-10-12","135864.54","121218.27"
"2020-10-13","131461.32","120427.19"
"2020-10-14","130829.44","119670.50"
"2020-10-15","131312.75","119522.60"
"2020-10-16","130487.82","119450.37"
"2020-10-19","132053.60","117634.32"
"2020-10-20","133254.66","118105.53"
"2020-10-21","127983.18","117881.96"
"2020-10-22","129328.58","118528.58"
"2020-10-23","130268.68","118931.01"
"2020-10-26","126782.96","116733.17"
"2020-10-27","125437.34","116330.75"
"2020-10-28","123468.30","112354.69"
"2020-10-29","124089.22","113496.60"
"2020-10-30","122704.65","112313.41"
"2020-11-02","122770.06","113572.27"
"2020-11-03","124130.67","115577.50"
"2020-11-04","125446.36","118160.56"
"2020-11-05","125902.09","120465.02"
"2020-11-06","126723.52","120437.51"
"2020-11-09","126519.32","121950.89"
"2020-11-10","126905.78","121772.04"
"2020-11-11","128175.78","122676.63"
"2020-11-12","127473.35","121486.55"
"2020-11-13","128926.48","123168.47"
"2020-11-16","132417.96","124705.93"
"2020-11-17","132597.01","124035.22"
"2020-11-18","131175.60","122542.48"
"2020-11-19","132594.01","123058.41"
"2020-11-20","132192.82","122215.72"
"2020-11-23","134946.37","122948.34"
"2020-11-24","136328.61","124929.49"
"2020-11-25","135737.42","124736.88"
"2020-11-27","136591.47","125084.28"
"2020-11-30","135376.22","124530.51"
"2020-12-01","137927.69","125892.55"
"2020-12-02","138832.94","126157.40"
"2020-12-03","140083.14","126123.00"
"2020-12-04","143295.16","127209.88"
"2020-12-07","142528.81","126948.48"
"2020-12-08","143048.25","127319.95"
"2020-12-09","142436.27","126178.03"
"2020-12-10","142562.05","126136.76"
"2020-12-11","142007.99","125988.86"
"2020-12-14","142121.94","125424.78"
"2020-12-15","144078.11","127120.45"
"2020-12-16","144179.22","127319.95"
"2020-12-17","144184.91","128031.92"
"2020-12-18","144611.29","126979.43"
"2020-12-21","144840.10","126525.42"
"2020-12-22","145533.68","126312.17"
"2020-12-23","143142.95","126425.68"
"2020-12-24","143803.46","126917.53"
"2020-12-28","141104.42","128007.85"
"2020-12-29","139678.73","127763.64"
"2020-12-30","141249.28","127945.93"
"2020-12-31","143212.64","128596.00"
"2021-01-04","140710.60","126845.30"
"2021-01-05","142572.42","127718.92"
"2021-01-06","142060.41","128482.49"
"2021-01-07","146968.72","130391.42"
"2021-01-08","146848.28","131134.35"
"2021-01-11","147799.07","130250.40"
"2021-01-12","150561.04","130277.91"
"2021-01-13","149436.74","130628.75"
"2021-01-14","154564.90","130171.29"
"2021-01-15","151671.18","129221.99"
"2021-01-19","158382.05","130236.64"
"2021-01-20","157269.93","132038.94"
"2021-01-21","160678.76","132159.32"
"2021-01-22","158164.77","131691.55"
"2021-01-25","157978.69","132210.92"
"2021-01-26","154088.85","132004.55"
"2021-01-27","147255.54","128778.30"
"2021-01-28","149559.91","129885.81"
"2021-01-29","148027.55","127285.55"
"2021-02-01","148242.02","129404.29"
"2021-02-02","148355.06","131234.09"
"2021-02-03","148376.16","131337.28"
"2021-02-04","149385.64","132830.03"
"2021-02-05","150090.88","133352.83"
"2021-02-08","153368.27","134315.89"
"2021-02-09","152778.12","134226.46"
"2021-02-10","153811.85","134167.99"
"2021-02-11","156275.47","134384.68"
"2021-02-12","157216.44","135048.51"
"2021-02-16","157767.80","134931.55"
"2021-02-17","156996.10","134962.52"
"2021-02-18","155345.35","134388.12"
"2021-02-19","156541.69","134150.79"
"2021-02-22","156630.67","133118.94"
"2021-02-23","154885.20","133280.60"
"2021-02-24","156242.03","134749.26"
"2021-02-25","150713.91","131502.37"
"2021-02-26","152140.71","130824.79"
"2021-03-01","156695.78","133996.01"
"2021-03-02","152948.81","132950.41"
"2021-03-03","151449.66","131189.39"
"2021-03-04","150022.46","129565.94"
"2021-03-05","152246.64","131949.51"
"2021-03-08","150437.36","131292.57"
"2021-03-09","147492.15","133167.10"
"2021-03-10","149928.47","133996.01"
"2021-03-11","152659.38","135354.62"
"2021-03-12","153950.55","135536.91"
"2021-03-15","156036.47","136345.19"
"2021-03-16","155028.34","136173.22"
"2021-03-17","154347.13","136637.55"
"2021-03-18","153527.61","134649.52"
"2021-03-19","153358.82","133961.62"
"2021-03-22","152333.51","135031.30"
"2021-03-23","149067.56","133968.50"
"2021-03-24","148479.26","133287.47"
"2021-03-25","149272.53","134037.29"
"2021-03-26","150777.31","136197.30"
"2021-03-29","151529.91","136128.50"
"2021-03-30","150654.42","135767.36"
"2021-03-31","150127.17","136317.67"
"2021-04-01","151369.21","137789.78"
"2021-04-05","154542.32","139767.49"
"2021-04-06","154174.68","139684.94"
"2021-04-07","153743.35","139846.60"
"2021-04-08","153495.25","140510.42"
"2021-04-09","154722.83","141531.95"
"2021-04-12","154351.75","141583.56"
"2021-04-13","154732.57","142003.16"
"2021-04-14","154520.72","141518.20"
"2021-04-15","156947.18","143038.46"
"2021-04-16","157524.79","143516.55"
"2021-04-19","157654.67","142811.45"
"2021-04-20","157517.77","141765.85"
"2021-04-21","157641.90","143107.25"
"2021-04-22","156762.79","141800.23"
"2021-04-23","158435.05","143337.69"
"2021-04-26","158375.13","143636.93"
"2021-04-27","158028.94","143605.97"
"2021-04-28","158680.36","143564.70"
"2021-04-29","160582.60","144479.61"
"2021-04-30","158865.44","143530.30"
"2021-05-03","156961.87","143839.87"
"2021-05-04","153342.06","142952.47"
"2021-05-05","153126.19","142997.18"
"2021-05-06","154142.24","144139.10"
"2021-05-07","155313.20","145188.14"
"2021-05-10","155588.70","143750.44"
"2021-05-11","152845.52","142467.50"
"2021-05-12","150424.46","139440.74"
"2021-05-13","151451.36","141115.78"
"2021-05-14","151242.48","143282.66"
"2021-05-17","151675.14","142918.07"
"2021-05-18","151008.11","141686.74"
"2021-05-19","150514.27","141315.26"
"2021-05-20","152035.71","142835.53"
"2021-05-21","152170.53","142718.59"
"2021-05-24","152028.39","144173.50"
"2021-05-25","149110.56","143853.62"
"2021-05-26","149434.73","144139.10"
"2021-05-27","149192.41","144214.77"
"2021-05-28","149899.88","144472.73"
"2021-06-01","150955.54","144345.47"
"2021-06-02","152097.23","144572.47"
"2021-06-03","151847.75","144035.91"
"2021-06-04","152876.66","145353.24"
"2021-06-07","152793.15","145212.22"
"2021-06-08","152694.65","145243.18"
"2021-06-09","152492.68","145026.49"
"2021-06-10","153388.67","145700.63"
"2021-06-11","154251.09","145941.39"
"2021-06-14","153789.25","146268.15"
"2021-06-15","152793.37","145999.87"
"2021-06-16","152691.44","145184.70"
"2021-06-17","153984.06","145136.55"
"2021-06-18","154288.93","142711.71"
"2021-06-21","154789.97","144754.76"
"2021-06-22","156721.35","145528.65"
"2021-06-23","156501.17","145353.24"
"2021-06-24","157027.82","146213.12"
"2021-06-25","156760.03","146732.48"
"2021-06-28","159052.12","147028.28"
"2021-06-29","161000.50","147107.39"
"2021-06-30","159111.25","147231.21"
"2021-07-01","160198.14","148046.37"
"2021-07-02","161965.11","149177.97"
"2021-07-06","163891.31","148906.24"
"2021-07-07","164364.17","149432.48"
"2021-07-08","161602.06","148214.91"
"2021-07-09","162804.48","149797.07"
"2021-07-12","161853.97","150333.63"
"2021-07-13","160691.47","149821.15"
"2021-07-14","157486.99","150044.72"
"2021-07-15","156885.50","149532.23"
"2021-07-16","159584.41","148359.36"
"2021-07-19","163200.63","146168.40"
"2021-07-20","163067.28","148263.06"
"2021-07-21","162577.67","149463.44"
"2021-07-22","165586.44","149776.43"
"2021-07-23","168008.11","151317.33"
"2021-07-26","166300.15","151688.80"
"2021-07-27","164437.49","150997.46"
"2021-07-28","166154.45","150935.54"
"2021-07-29","164702.90","151561.54"
"2021-07-30","163630.55","150825.49"
"2021-08-02","161848.65","150509.05"
"2021-08-03","161704.80","151733.51"
"2021-08-04","164668.47","150987.15"
"2021-08-05","165515.43","151943.33"
"2021-08-06","164006.52","152194.40"
"2021-08-09","164621.78","152070.59"
"2021-08-10","164594.55","152259.75"
"2021-08-11","163610.37","152638.10"
"2021-08-12","164297.63","153095.55"
"2021-08-13","165973.85","153374.16"
"2021-08-16","162982.53","153735.30"
"2021-08-17","161206.72","152727.53"
"2021-08-18","162049.51","151055.93"
"2021-08-19","162339.82","151289.81"
"2021-08-20","164288.12","152493.64"
"2021-08-23","166240.40","153835.05"
"2021-08-24","167653.28","154079.25"
"2021-08-25","168002.45","154402.57"
"2021-08-26","166901.90","153491.10"
"2021-08-27","169311.38","154863.46"
"2021-08-30","171210.51","155544.48"
"2021-08-31","169786.19","155314.03"
"2021-09-01","170260.80","155396.58"
"2021-09-02","169899.57","155874.67"
"2021-09-03","171466.47","155836.83"
"2021-09-07","171450.12","155279.63"
"2021-09-08","170987.54","155090.47"
"2021-09-09","171538.81","154426.64"
"2021-09-10","172315.72","153209.06"
"2021-09-13","171272.97","153601.16"
"2021-09-14","171148.00","152772.25"
"2021-09-15","173251.55","154048.30"
"2021-09-16","175083.03","153804.10"
"2021-09-17","173455.53","151819.50"
"2021-09-20","170089.47","149288.03"
"2021-09-21","170540.98","149147.01"
"2021-09-22","171259.45","150601.91"
"2021-09-23","170987.57","152431.73"
"2021-09-24","170493.75","152682.82"
"2021-09-27","166473.29","152246.00"
"2021-09-28","160792.92","149177.97"
"2021-09-29","159972.55","149429.05"
"2021-09-30","159069.27","147602.68"
"2021-10-01","159347.73","149356.82"
"2021-10-04","159554.33","147430.70"
"2021-10-05","160236.78","148964.72"
"2021-10-06","161153.97","149583.82"
"2021-10-07","161267.37","150877.08"
"2021-10-08","162655.17","150601.91"
"2021-10-11","161653.39","149511.60"
"2021-10-12","161385.12","149143.57"
"2021-10-13","160922.81","149680.13"
"2021-10-14","162886.31","152197.85"
"2021-10-15","162737.51","153356.95"
"2021-10-18","165003.54","153810.97"
"2021-10-19","166478.74","154997.60"
"2021-10-20","165296.53","155606.39"
"2021-10-21","166361.84","156012.25"
"2021-10-22","167154.50","155850.59"
"2021-10-25","168876.51","156686.39"
"2021-10-26","169401.43","156827.41"
"2021-10-27","166930.17","156132.63"
"2021-10-28","169167.78","157639.14"
"2021-10-29","169737.23","157959.01"
"2021-11-01","170828.91","158230.73"
"2021-11-02","173045.69","158870.47"
"2021-11-03","172349.82","159840.41"
"2021-11-04","173140.30","160593.66"
"2021-11-05","172802.54","161150.86"
"2021-11-08","174889.46","161288.44"
"2021-11-09","174129.88","160755.32"
"2021-11-10","167154.83","159462.07"
"2021-11-11","170307.44","159513.66"
"2021-11-12","173832.36","160717.48"
"2021-11-15","174460.70","160772.51"
"2021-11-16","176886.38","161408.82"
"2021-11-17","174658.04","161016.73"
"2021-11-18","176181.93","161563.61"
"2021-11-19","173140.14","161274.69"
"2021-11-22","163396.12","160820.67"
"2021-11-23","165430.84","161033.92"
"2021-11-24","166982.06","161463.86"
"2021-11-26","162229.13","157862.70"
"2021-11-29","167319.23","159799.14"
"2021-11-30","161031.10","156689.83"
"2021-12-01","159357.91","154949.44"
"2021-12-02","159809.72","157322.70"
"2021-12-03","156751.66","155953.78"
"2021-12-06","155567.74","157800.79"
"2021-12-07","158348.21","161064.87"
"2021-12-08","158988.43","161491.37"
"2021-12-09","157482.71","160401.05"
"2021-12-10","158605.19","161910.99"
"2021-12-13","153702.51","160476.72"
"2021-12-14","153424.08","159372.64"
"2021-12-15","158087.36","161862.84"
"2021-12-16","153270.33","160435.45"
"2021-12-17","152109.84","158172.25"
"2021-12-20","151199.26","156490.34"
"2021-12-21","155158.97","159269.45"
"2021-12-22","157782.15","160861.94"
"2021-12-23","158960.32","161862.84"
"2021-12-27","165053.30","164153.55"
"2021-12-28","161481.75","164019.40"
"2021-12-29","163911.62","164229.22"
"2021-12-30","161283.52","163775.20"
"2021-12-31","161778.39","163362.46"
"2022-01-03","163295.18","164308.32"
"2022-01-04","162550.60","164253.29"
"2022-01-05","154500.93","161099.27"
"2022-01-06","156570.14","160947.93"
"2022-01-07","151313.04","160311.62"
"2022-01-10","148347.97","160112.14"
"2022-01-11","147268.48","161570.48"
"2022-01-12","146987.42","162007.29"
"2022-01-13","146959.13","159775.06"
"2022-01-14","152113.13","159840.41"
"2022-01-18","145343.46","157009.70"
"2022-01-19","141448.61","155379.38"
"2022-01-20","141169.05","153659.63"
"2022-01-21","139476.18","150643.20"
"2022-01-24","139171.08","151282.94"
"2022-01-25","139171.08","149435.93"
"2022-01-26","139171.08","149061.02"
"2022-01-27","139171.08","148324.97"
"2022-01-28","139171.08","152008.68"
"2022-01-31","139171.08","154746.52"
"2022-02-01","139171.08","155792.13"
"2022-02-02","139171.08","157305.50"
"2022-02-03","139299.21","153608.04"
"2022-02-04","139708.76","154330.34"
"2022-02-07","138275.55","153835.05"
"2022-02-08","138639.21","155100.78"
"2022-02-09","140207.86","157370.86"
"2022-02-10","138275.58","154543.59"
"2022-02-11","135866.22","151496.18"
"2022-02-14","136515.43","151000.90"
"2022-02-15","136515.43","153436.07"
"2022-02-16","138181.87","153608.04"
"2022-02-17","132545.06","150326.76"
"2022-02-18","133371.06","149353.38"
"2022-02-22","133371.06","147750.57"
"2022-02-23","133371.06","145129.68"
"2022-02-24","133371.06","147313.75"
"2022-02-25","133371.06","150564.08"
"2022-02-28","133371.06","150178.86"
"2022-03-01","133371.06","147891.60"
"2022-03-02","133371.06","150612.24"
"2022-03-03","133371.06","149862.42"
"2022-03-04","133371.06","148644.85"
"2022-03-07","133371.06","144262.92"
"2022-03-08","133371.06","143169.16"
"2022-03-09","133371.06","147007.64"
"2022-03-10","133371.06","146343.82"
"2022-03-11","133371.06","144483.05"
"2022-03-14","133371.06","143427.12"
"2022-03-15","133371.06","146581.15"
"2022-03-16","133371.06","149831.47"
"2022-03-17","133371.06","151706.00"
"2022-03-18","133371.06","152892.62"
"2022-03-21","133371.06","152847.92"
"2022-03-22","133371.06","154636.45"
"2022-03-23","132642.39","152644.98"
"2022-03-24","133447.03","154946.00"
"2022-03-25","134228.57","155702.70"
"2022-03-28","133772.65","156810.21"
"2022-03-29","133835.81","158750.09"
"2022-03-30","133159.34","157769.84"
"2022-03-31","132211.20","155341.55"
"2022-04-01","131692.10","155781.81"
"2022-04-04","132449.94","157116.32"
"2022-04-05","128773.71","155131.74"
"2022-04-06","130895.69","153580.52"
"2022-04-07","131234.89","154354.41"
"2022-04-08","131003.46","153941.67"
"2022-04-11","130415.49","151310.46"
"2022-04-12","130415.49","150749.82"
"2022-04-13","130415.49","152476.44"
"2022-04-14","130415.49","150577.84"
"2022-04-18","130415.49","150639.75"
"2022-04-19","130415.49","153071.48"
"2022-04-20","130415.49","152957.97"
"2022-04-21","130415.49","150670.71"
"2022-04-22","130415.49","146536.43"
"2022-04-25","130415.49","147385.99"
"2022-04-26","130415.49","143117.57"
"2022-04-27","130415.49","143519.98"
"2022-04-28","130415.49","147145.22"
"2022-04-29","130415.49","141707.37"
"2022-05-02","130415.49","142560.37"
"2022-05-03","130415.49","143213.87"
"2022-05-04","130415.49","147575.16"
"2022-05-05","130415.49","142329.92"
"2022-05-06","130415.49","141480.36"
"2022-05-09","130415.49","136950.55"
"2022-05-10","130415.49","137266.98"
"2022-05-11","130415.49","135086.34"
"2022-05-12","130415.49","134945.32"
"2022-05-13","130415.49","138171.57"
"2022-05-16","130415.49","137610.93"
"2022-05-17","130415.49","140441.64"
"2022-05-18","130415.49","134780.22"
"2022-05-19","130415.49","133954.74"
"2022-05-20","130415.49","134013.21"
"2022-05-23","130415.49","136520.61"
"2022-05-24","130415.49","135478.44"
"2022-05-25","130415.49","136675.38"
"2022-05-26","130415.49","139406.35"
"2022-05-27","130415.49","142828.65"
"2022-05-31","130415.49","142027.24"
"2022-06-01","130415.49","140878.45"
"2022-06-02","130415.49","143561.27"
"2022-06-03","130415.49","141205.21"
"2022-06-06","130415.49","141635.15"
"2022-06-07","130415.49","142993.74"
"2022-06-08","130415.49","141439.09"
"2022-06-09","130415.49","138075.26"
"2022-06-10","130415.49","134071.68"
"2022-06-13","130415.49","128981.22"
"2022-06-14","130415.49","128592.56"
"2022-06-15","130415.49","130425.82"
"2022-06-16","130415.49","126109.24"
"2022-06-17","130415.49","125837.52"
"2022-06-21","130415.49","129005.30"
"2022-06-22","130415.49","128771.42"
"2022-06-23","130415.49","130033.71"
"2022-06-24","130415.49","134167.99"
"2022-06-27","130415.49","133655.50"
"2022-06-28","130415.49","130924.54"
"2022-06-29","130415.49","130817.92"
"2022-06-30","130415.49","129755.11"
"2022-07-01","130415.49","131127.47"
"2022-07-05","130415.49","131375.11"
"2022-07-06","130415.49","131818.81"
"2022-07-07","130415.49","133793.08"
"2022-07-08","130415.49","133683.02"
"2022-07-11","130415.49","132155.89"
"2022-07-12","130415.49","130986.45"
"2022-07-13","130415.49","130298.55"
"2022-07-14","130415.49","129982.12"
"2022-07-15","130415.49","132465.44"
"2022-07-18","130415.49","131371.68"
"2022-07-19","130415.49","134921.24"
"2022-07-20","130415.49","135781.11"
"2022-07-21","130415.49","137163.80"
"2022-07-22","130415.49","135891.18"
"2022-07-25","130415.49","136056.28"
"2022-07-26","130415.49","134446.59"
"2022-07-27","130415.49","137937.68"
"2022-07-28","130415.49","139667.75"
"2022-07-29","130415.49","141703.93"
"2022-08-01","130415.49","141284.31"
"2022-08-02","130415.49","140352.21"
"2022-08-03","130415.49","142550.05"
"2022-08-04","130415.49","142453.75"
"2022-08-05","130415.49","142212.98"
"2022-08-08","130415.49","142047.88"
"2022-08-09","130415.49","141483.81"
"2022-08-10","130415.49","144455.53"
"2022-08-11","130415.49","144455.53"
"2022-08-12","130415.49","146901.02"
"2022-08-15","130415.49","147506.36"
"2022-08-16","130415.49","147795.29"
"2022-08-17","130415.49","146746.24"
"2022-08-18","130415.49","147172.74"
"2022-08-19","130415.49","145195.03"
"2022-08-22","130415.49","142171.71"
"2022-08-23","130415.49","141827.76"
"2022-08-24","130415.49","142281.77"
"2022-08-25","130415.49","144290.44"
"2022-08-26","130415.49","139406.35"
"2022-08-29","130415.49","138484.56"
"2022-08-30","130415.49","136964.30"
"2022-08-31","130415.49","135922.13"
"2022-09-01","130415.49","136348.64"
"2022-09-02","130415.49","134910.92"
"2022-09-06","130415.49","134401.88"
"2022-09-07","130415.49","136816.40"
"2022-09-08","130415.49","137710.68"
"2022-09-09","130415.49","139850.04"
"2022-09-12","130415.49","141353.10"
"2022-09-13","130415.49","135206.72"
"2022-09-14","130415.49","135722.65"
"2022-09-15","130415.49","134181.75"
"2022-09-16","130415.49","132613.34"
"2022-09-19","130415.49","133641.74"
"2022-09-20","130415.49","132107.73"
"2022-09-21","130415.49","129803.27"
"2022-09-22","130415.49","128712.94"
"2022-09-23","130415.49","126556.38"
"2022-09-26","130415.49","125304.40"
"2022-09-27","130415.49","124984.53"
"2022-09-28","130415.49","127443.77"
"2022-09-29","130415.49","124781.60"
"2022-09-30","130415.49","122852.03"
"2022-10-03","130415.49","126095.48"
"2022-10-04","130415.49","130002.76"
"2022-10-05","130415.49","129700.08"
"2022-10-06","130415.49","128362.12"
"2022-10-07","130415.49","124781.60"
"2022-10-10","130415.49","123828.85"
"2022-10-11","130415.49","123044.65"
"2022-10-12","130415.49","122638.79"
"2022-10-13","130415.49","125875.36"
"2022-10-14","130415.49","123006.82"
"2022-10-17","130415.49","126167.72"
"2022-10-18","130415.49","127650.14"
"2022-10-19","130415.49","126745.55"
"2022-10-20","130415.49","125682.75"
"2022-10-21","130415.49","128737.02"
"2022-10-24","130415.49","130312.31"
"2022-10-25","130415.49","132393.21"
"2022-10-26","130415.49","131395.75"
"2022-10-27","130415.49","130694.10"
"2022-10-28","130415.49","133803.40"
"2022-10-31","130415.49","132836.90"
"2022-11-01","130415.49","132255.62"
"2022-11-02","130415.49","128936.51"
"2022-11-03","130415.49","127608.87"
"2022-11-04","130415.49","129445.56"
"2022-11-07","130415.49","130683.78"
"2022-11-08","130415.49","131388.87"
"2022-11-09","130415.49","128681.99"
"2022-11-10","130415.49","135753.60"
"2022-11-11","130415.49","137067.49"
"2022-11-14","130415.49","135901.50"
"2022-11-15","130415.49","137060.61"
"2022-11-16","130415.49","136015.00"
"2022-11-17","130415.49","135598.82"
"2022-11-18","130415.49","136214.49"
"2022-11-21","130415.49","135719.20"
"2022-11-22","130415.49","137545.58"
"2022-11-23","130415.49","138412.34"
"2022-11-25","130415.49","138381.37"
"2022-11-28","130415.49","136173.22"
"2022-11-29","130415.49","135939.34"
"2022-11-30","130415.49","140221.51"
"2022-12-01","130067.84","140118.33"
"2022-12-02","129679.45","139956.67"
"2022-12-05","128818.75","137438.95"
"2022-12-06","129006.43","135457.80"
"2022-12-07","129006.43","135227.36"
"2022-12-08","129006.43","136286.72"
"2022-12-09","129006.43","135268.63"
"2022-12-12","129006.43","137218.83"
"2022-12-13","129006.43","138257.55"
"2022-12-14","129006.43","137373.60"
"2022-12-15","129006.43","134013.21"
"2022-12-16","129006.43","131825.69"
"2022-12-19","129006.43","130707.85"
"2022-12-20","129006.43","130886.71"
"2022-12-21","129006.43","132843.79"
"2022-12-22","129006.43","130948.62"
"2022-12-23","129006.43","131701.87"
"2022-12-27","129006.43","131182.50"
"2022-12-28","129006.43","129552.18"
"2022-12-29","129006.43","131884.16"
"2022-12-30","129006.43","131536.77"
"2023-01-03","129006.43","130983.02"
"2023-01-04","129006.43","131994.23"
"2023-01-05","129006.43","130487.73"
"2023-01-06","129006.43","133480.09"
"2023-01-09","129006.43","133404.42"
"2023-01-10","129006.43","134339.96"
"2023-01-11","129006.43","136039.07"
"2023-01-12","129006.43","136534.36"
"2023-01-13","129006.43","137064.05"
"2023-01-17","128392.08","136812.96"
"2023-01-18","127206.69","134652.96"
"2023-01-19","126838.31","133672.71"
"2023-01-20","126838.31","136162.90"
"2023-01-23","126838.31","137796.66"
"2023-01-24","126727.78","137648.77"
"2023-01-25","126745.46","137700.36"
"2023-01-26","127325.50","139213.74"
"2023-01-27","127976.89","139533.61"
"2023-01-30","125289.36","137782.90"
"2023-01-31","126510.32","139808.77"
"2023-02-01","130440.72","141294.63"
"2023-02-02","134641.71","143351.45"
"2023-02-03","130405.46","141827.76"
"2023-02-06","129585.19","140961.00"
"2023-02-07","132136.45","142804.57"
"2023-02-08","132237.78","141243.04"
"2023-02-09","134205.32","140018.58"
"2023-02-10","130705.05","140345.33"
"2023-02-13","132344.94","141992.85"
"2023-02-14","134771.38","141927.51"
"2023-02-15","136115.80","142388.40"
"2023-02-16","134419.48","140427.88"
"2023-02-17","131908.57","140077.05"
"2023-02-21","128769.24","137266.98"
"2023-02-22","128830.50","137077.81"
"2023-02-23","131759.23","137806.98"
"2023-02-24","131035.61","136334.88"
"2023-02-27","131352.75","136799.21"
"2023-02-28","131062.84","136293.60"
"2023-03-01","130856.94","135770.79"
"2023-03-02","132417.15","136826.72"
"2023-03-03","133869.72","139021.12"
"2023-03-06","133046.99","139117.43"
"2023-03-07","132489.29","136984.94"
"2023-03-08","133530.92","137208.51"
"2023-03-09","131451.28","134677.03"
"2023-03-10","131505.02","132733.72"
"2023-03-13","131505.02","132544.54"
"2023-03-14","131505.02","134735.51"
"2023-03-15","131505.02","133892.83"
"2023-03-16","131505.02","136242.00"
"2023-03-17","131180.65","134137.03"
"2023-03-20","130952.25","135426.84"
"2023-03-21","131125.12","137205.07"
"2023-03-22","129980.61","134866.20"
"2023-03-23","130775.74","135230.80"
"2023-03-24","130830.39","136118.19"
"2023-03-27","130520.03","136372.71"
"2023-03-28","130069.19","136066.60"
"2023-03-29","132352.75","138044.31"
"2023-03-30","133117.03","138852.59"
"2023-03-31","132927.25","140809.67"
"2023-04-03","132445.33","141346.23"
"2023-04-04","131891.92","140562.02"
"2023-04-05","130791.75","140193.99"
"2023-04-06","131531.65","140740.87"
"2023-04-10","131819.49","140885.33"
"2023-04-11","131411.08","140923.17"
"2023-04-12","131329.66","140348.77"
"2023-04-13","133009.57","142212.98"
"2023-04-14","132318.98","141865.59"
"2023-04-17","131577.18","142374.64"
"2023-04-18","131900.35","142467.50"
"2023-04-19","131197.67","142443.43"
"2023-04-20","130535.31","141666.10"
"2023-04-21","131221.51","141776.17"
"2023-04-24","131443.51","141924.06"
"2023-04-25","125662.59","139671.18"
"2023-04-26","128324.78","139079.59"
"2023-04-27","132793.59","141848.39"
"2023-04-28","131832.12","143059.09"
"2023-05-01","129811.59","142914.64"
"2023-05-02","128492.89","141308.39"
"2023-05-03","126031.81","140338.45"
"2023-05-04","127976.26","139344.44"
"2023-05-05","130283.53","141924.06"
"2023-05-08","131295.36","141961.89"
"2023-05-09","131080.35","141339.34"
"2023-05-10","133423.30","141999.73"
"2023-05-11","133486.67","141752.09"
"2023-05-12","132271.71","141566.35"
"2023-05-15","134861.59","142054.76"
"2023-05-16","135197.30","141105.46"
"2023-05-17","137313.97","142818.33"
"2023-05-18","139588.37","144194.13"
"2023-05-19","137562.61","143984.32"
"2023-05-22","139447.81","144042.80"
"2023-05-23","136319.66","142426.23"
"2023-05-24","136465.17","141394.38"
"2023-05-25","138679.58","142618.84"
"2023-05-26","141222.53","144465.85"
"2023-05-30","143815.78","144520.88"
"2023-05-31","142399.99","143719.48"
"2023-06-01","146153.09","145084.96"
"2023-06-02","155255.69","147183.06"
"2023-06-05","156915.35","146901.02"
"2023-06-06","155996.86","147220.89"
"2023-06-07","151003.24","146711.84"
"2023-06-08","152987.40","147599.24"
"2023-06-09","153349.94","147864.07"
"2023-06-12","155990.41","149205.48"
"2023-06-13","158429.45","150189.18"
"2023-06-14","158874.47","150368.03"
"2023-06-15","161799.94","152232.24"
"2023-06-16","160185.74","151152.23"
"2023-06-20","160352.49","150368.03"
"2023-06-21","158803.53","149597.58"
"2023-06-22","161470.07","150137.59"
"2023-06-23","160650.50","149002.55"
"2023-06-26","156649.63","148393.76"
"2023-06-27","159862.55","150020.65"
"2023-06-28","161562.46","150096.32"
"2023-06-29","161199.51","150687.90"
"2023-06-30","163657.48","152466.13"
"2023-07-03","163680.45","152641.54"
"2023-07-05","164397.97","152414.54"
"2023-07-06","161514.24","151221.03"
"2023-07-07","159943.82","150839.24"
"2023-07-10","160669.72","151221.03"
"2023-07-11","162743.64","152184.08"
"2023-07-12","163038.25","153408.55"
"2023-07-13","167209.53","154626.13"
"2023-07-14","166165.02","154529.83"
"2023-07-17","170301.83","155066.39"
"2023-07-18","170604.26","156218.62"
"2023-07-19","169826.58","156566.01"
"2023-07-20","163976.84","155527.28"
"2023-07-21","163026.15","155527.28"
"2023-07-24","162068.77","156222.06"
"2023-07-25","165805.27","156648.56"
"2023-07-26","164226.04","156672.64"
"2023-07-27","164484.82","155633.90"
"2023-07-28","165070.98","157157.61"
"2023-07-31","164611.89","157456.84"
"2023-08-01","166042.24","157006.27"
"2023-08-02","161102.32","154822.18"
"2023-08-03","158285.10","154378.49"
"2023-08-04","158790.83","153680.27"
"2023-08-07","161233.37","155021.67"
"2023-08-08","160614.44","154347.53"
"2023-08-09","158778.54","153315.68"
"2023-08-10","158691.35","153370.72"
"2023-08-11","158007.94","153281.29"
"2023-08-14","159494.13","154127.40"
"2023-08-15","158166.99","152331.99"
"2023-08-16","157163.13","151214.15"
"2023-08-17","157423.93","150061.92"
"2023-08-18","158026.58","150134.15"
"2023-08-21","158369.16","151110.96"
"2023-08-22","158726.06","150701.66"
"2023-08-23","160909.16","152380.14"
"2023-08-24","159461.48","150268.29"
"2023-08-25","160247.25","151327.65"
"2023-08-28","161820.08","152287.28"
"2023-08-29","162304.43","154488.55"
"2023-08-30","162644.04","155124.86"
"2023-08-31","163070.67","154897.85"
"2023-09-01","164532.13","155186.77"
"2023-09-05","164344.06","154516.06"
"2023-09-06","164109.41","153477.34"
"2023-09-07","163808.07","153006.13"
"2023-09-08","163727.43","153236.57"
"2023-09-11","163119.33","154244.35"
"2023-09-12","162134.01","153398.23"
"2023-09-13","160814.28","153577.09"
"2023-09-14","161273.76","154901.29"
"2023-09-15","159014.58","152497.08"
"2023-09-18","159509.38","152586.51"
"2023-09-19","158219.48","152270.07"
"2023-09-20","156287.80","150870.20"
"2023-09-21","154601.14","148376.57"
"2023-09-22","155564.68","148042.93"
"2023-09-25","155547.73","148665.48"
"2023-09-26","154747.92","146481.40"
"2023-09-27","154458.01","146539.86"
"2023-09-28","154269.05","147389.42"
"2023-09-29","154174.90","147031.72"
"2023-10-02","154174.90","146973.24"
"2023-10-03","154174.90","145005.85"
"2023-10-04","154174.90","146061.78"
"2023-10-05","154174.90","146006.75"
"2023-10-06","154174.90","147740.26"
"2023-10-09","156715.44","148686.12"
"2023-10-10","158097.73","149460.01"
"2023-10-11","160460.28","150072.24"
"2023-10-12","158894.45","149157.33"
"2023-10-13","157296.58","148414.40"
"2023-10-16","158598.64","149975.93"
"2023-10-17","159095.41","149969.05"
"2023-10-18","156518.27","147970.70"
"2023-10-19","154734.47","146670.57"
"2023-10-20","151024.72","144868.27"
"2023-10-23","150955.91","144617.19"
"2023-10-24","150955.91","145707.51"
"2023-10-25","150595.00","143616.29"
"2023-10-26","150592.41","141896.54"
"2023-10-27","150592.41","141253.36"
"2023-10-30","150592.41","142942.15"
"2023-10-31","150592.41","143839.87"
"2023-11-01","150592.41","145373.88"
"2023-11-02","150592.41","148159.88"
"2023-11-03","153341.40","149511.60"
"2023-11-06","152080.69","149855.55"
"2023-11-07","153206.74","150282.04"
"2023-11-08","154002.07","150392.11"
"2023-11-09","151195.11","149219.24"
"2023-11-10","154980.01","151547.77"
"2023-11-13","156292.51","151403.32"
"2023-11-14","161043.83","154340.66"
"2023-11-15","162265.13","154667.40"
"2023-11-16","162857.78","154856.58"
"2023-11-17","162929.21","155049.19"
"2023-11-20","165488.89","156242.70"
"2023-11-21","164798.50","155902.18"
"2023-11-22","166281.64","156504.09"
"2023-11-24","165718.82","156600.40"
"2023-11-27","167434.54","156318.37"
"2023-11-28","167572.73","156473.14"
"2023-11-29","168357.31","156363.07"
"2023-11-30","167932.18","156978.75"
"2023-12-01","169264.67","157907.42"
"2023-12-04","167997.07","157078.50"
"2023-12-05","166805.92","157047.54"
"2023-12-06","165302.19","156414.67"
"2023-12-07","166361.64","157608.18"
"2023-12-08","168427.86","158285.76"
"2023-12-11","169046.65","158901.43"
"2023-12-12","170588.25","159627.17"
"2023-12-13","172055.85","161828.44"
"2023-12-14","170645.73","162347.81"
"2023-12-15","170423.52","161426.02"
"2023-12-18","170624.55","162334.05"
"2023-12-19","171292.28","163321.18"
"2023-12-20","165841.79","161058.00"
"2023-12-21","168340.96","162585.14"
"2023-12-22","168590.30","162911.88"
"2023-12-26","171130.81","163599.78"
"2023-12-27","171444.26","163895.59"
"2023-12-28","171277.09","163957.49"
"2023-12-29","169340.75","163482.84"
"2024-01-02","163180.83","162567.93"
"2024-01-03","160233.27","161240.29"
"2024-01-04","160432.78","160720.92"
"2024-01-05","160177.47","160941.06"
"2024-01-08","160869.52","163238.64"
"2024-01-09","160381.41","162991.00"
"2024-01-10","160159.75","163912.78"
"2024-01-11","159312.36","163840.55"
"2024-01-12","158838.66","163954.05"
"2024-01-16","157432.62","163352.14"
"2024-01-17","156169.92","162444.12"
"2024-01-18","158245.83","163888.70"
"2024-01-19","161381.76","165931.76"
"2024-01-22","163256.75","166282.60"
"2024-01-23","161279.55","166767.56"
"2024-01-24","160483.24","166949.86"
"2024-01-25","160081.73","167857.89"
"2024-01-26","157700.71","167644.64"
"2024-01-29","159542.67","168972.28"
"2024-01-30","158947.24","168841.59"
"2024-01-31","155006.43","166086.55"
"2024-02-01","157519.40","168260.31"
"2024-02-02","160922.10","170031.65"
"2024-02-05","162818.19","169412.54"
"2024-02-06","161232.17","169904.39"
"2024-02-07","163318.55","171321.46"
"2024-02-08","164215.54","171397.13"
"2024-02-09","167424.49","172387.71"
"2024-02-12","166399.81","172312.04"
"2024-02-13","163284.98","169938.78"
"2024-02-14","165725.16","171483.12"
"2024-02-15","166393.56","172666.31"
"2024-02-16","165211.85","171806.43"
"2024-02-20","162113.91","170860.57"
"2024-02-21","160571.45","171015.34"
"2024-02-22","163919.85","174554.59"
"2024-02-23","163146.50","174674.98"
"2024-02-26","163517.28","174035.22"
"2024-02-27","164795.25","174358.54"
"2024-02-28","164862.31","174128.10"
"2024-02-29","165523.06","174754.08"
"2024-03-01","167905.73","176394.71"
"2024-03-04","168491.86","176205.55"
"2024-03-05","165141.88","174444.52"
"2024-03-06","167183.70","175328.48"
"2024-03-07","170004.92","177068.86"
"2024-03-08","168078.37","176006.06"
"2024-03-11","166375.21","175854.72"
"2024-03-12","166720.40","177746.46"
"2024-03-13","164532.39","177467.84"
"2024-03-14","163538.81","177117.02"
"2024-03-15","162528.03","175355.99"
"2024-03-18","163660.39","176398.16"
"2024-03-19","165001.73","177378.43"
"2024-03-20","165083.05","179019.05"
"2024-03-21","165841.66","179610.66"
"2024-03-22","166161.22","179270.15"
"2024-03-25","167732.63","178774.86"
"2024-03-26","167192.00","178444.66"
"2024-03-27","167962.73","179944.28"
"2024-03-28","166646.57","179909.89"
"2024-04-01","166792.64","179596.89"
"2024-04-02","164504.00","178454.99"
"2024-04-03","164967.96","178651.03"
"2024-04-04","161130.44","176470.39"
"2024-04-05","162656.27","178313.96"
"2024-04-08","162239.85","178413.70"
"2024-04-09","160868.32","178620.08"
"2024-04-10","160242.29","176831.54"
"2024-04-11","163522.62","178166.07"
"2024-04-12","160523.24","175706.83"
"2024-04-15","157757.10","173505.55"
"2024-04-16","158074.53","173189.11"
"2024-04-17","155549.27","172164.13"
"2024-04-18","154436.07","171809.87"
"2024-04-19","149933.55","170310.25"
"2024-04-22","151326.95","171878.66"
"2024-04-23","152850.89","173918.28"
"2024-04-24","154293.07","173835.74"
"2024-04-25","155405.40","173175.35"
"2024-04-26","158455.75","174816.00"
"2024-04-29","158800.65","175435.10"
"2024-04-30","155200.15","172655.99"
"2024-05-01","156581.19","172095.35"
"2024-05-02","160658.64","173705.03"
"2024-05-03","159947.22","175858.16"
"2024-05-06","160520.06","177674.22"
"2024-05-07","159766.39","177870.27"
"2024-05-08","159774.05","177887.47"
"2024-05-09","161451.27","178912.43"
"2024-05-10","161109.08","179142.89"
"2024-05-13","163590.03","179166.95"
"2024-05-14","164558.90","179989.00"
"2024-05-15","166748.62","182217.81"
"2024-05-16","166260.61","181842.89"
"2024-05-17","167107.26","182104.30"
"2024-05-20","167564.14","182314.10"
"2024-05-21","167996.30","182761.23"
"2024-05-22","167514.95","182235.00"
"2024-05-23","164891.74","180903.91"
"2024-05-24","169428.00","182100.85"
"2024-05-28","171989.19","182228.11"
"2024-05-29","170177.88","180952.05"
"2024-05-30","167076.93","179751.67"
"2024-05-31","164959.58","181388.87"
"2024-06-03","164773.72","181536.77"
"2024-06-04","165574.21","181739.71"
"2024-06-05","167786.69","183899.70"
"2024-06-06","167328.31","183896.26"
"2024-06-07","167279.10","183672.71"
"2024-06-10","167626.27","184240.21"
"2024-06-11","166487.48","184683.92"
"2024-06-12","168175.75","186200.73"
"2024-06-13","172433.32","186575.65"
"2024-06-14","174590.98","186689.15"
"2024-06-17","176245.09","188175.00"
"2024-06-18","177408.73","188653.10"
"2024-06-20","174372.73","188140.61"
"2024-06-21","172130.70","187284.18"
"2024-06-24","168901.02","186675.38"
"2024-06-25","171431.44","187394.25"
"2024-06-26","172073.66","187628.13"
"2024-06-27","172342.84","187923.92"
"2024-06-28","171668.23","187184.42"
"2024-07-01","171889.54","187569.67"
"2024-07-02","173024.67","188831.96"
"2024-07-03","175787.71","189674.64"
"2024-07-05","177705.05","190768.40"
"2024-07-08","177685.77","190988.53"
"2024-07-09","179899.45","191174.25"
"2024-07-10","179410.60","193065.98"
"2024-07-11","175038.07","191401.25"
"2024-07-12","177182.88","192608.52"
"2024-07-15","177903.73","193138.22"
"2024-07-16","180024.31","194283.55"
"2024-07-17","175095.42","191559.48"
"2024-07-18","175935.49","190087.36"
"2024-07-19","171572.38","188825.07"
"2024-07-22","173255.72","190771.84"
"2024-07-23","174373.96","190472.60"
"2024-07-24","170461.18","186156.02"
"2024-07-25","169644.51","185186.07"
"2024-07-26","173524.41","187260.10"
"2024-07-29","173056.65","187370.17"
"2024-07-30","169930.39","186420.86"
"2024-07-31","168854.18","189451.06"
"2024-08-01","167042.60","186768.26"
"2024-08-02","163744.45","183290.93"
"2024-08-05","159333.11","177952.82"
"2024-08-06","159996.05","179593.47"
"2024-08-07","158821.06","178393.06"
"2024-08-08","160495.65","182517.04"
"2024-08-09","160485.61","183321.87"
"2024-08-12","160681.28","183418.19"
"2024-08-13","162164.18","186434.61"
"2024-08-14","162771.14","187022.78"
"2024-08-15","164030.41","190228.39"
"2024-08-16","164638.50","190654.89"
"2024-08-19","165283.93","192477.82"
"2024-08-20","165512.98","192164.83"
"2024-08-21","166314.71","192825.21"
"2024-08-22","165098.86","191311.82"
"2024-08-23","165446.25","193344.58"
"2024-08-26","165941.11","192883.68"
"2024-08-27","166881.91","193148.52"
"2024-08-28","166901.19","192027.24"
"2024-08-29","167461.53","192044.44"
"2024-08-30","168612.09","193877.70"
"2024-09-03","166071.09","189887.88"
"2024-09-04","166256.59","189499.22"
"2024-09-05","165745.55","189038.32"
"2024-09-06","163804.30","185856.78"
"2024-09-09","164993.62","187937.67"
"2024-09-10","166182.52","188756.28"
"2024-09-11","165963.08","190692.72"
"2024-09-12","164831.91","192298.98"
"2024-09-13","165450.38","193303.30"
"2024-09-16","166078.82","193588.79"
"2024-09-17","165162.51","193667.89"
"2024-09-18","164837.88","193093.50"
"2024-09-19","164635.89","196388.53"
"2024-09-20","165050.88","195449.55"
"2024-09-23","165348.96","195937.95"
"2024-09-24","164986.10","196498.59"
"2024-09-25","163897.87","196065.21"
"2024-09-26","163620.03","196842.54"
"2024-09-27","163260.29","196557.06"
"2024-09-30","164221.93","197344.72"
"2024-10-01","166391.21","195576.81"
"2024-10-02","166336.78","195659.35"
"2024-10-03","167516.13","195301.65"
"2024-10-04","169933.30","197076.43"
"2024-10-07","169925.64","195294.77"
"2024-10-08","165879.69","197141.78"
"2024-10-09","164023.32","198507.27"
"2024-10-10","164006.13","198159.88"
"2024-10-11","165571.23","199346.51"
"2024-10-14","164921.80","200976.83"
"2024-10-15","160759.91","199415.30"
"2024-10-16","163030.02","200282.04"
"2024-10-17","161511.12","200299.23"
"2024-10-18","162155.56","201069.70"
"2024-10-21","163399.88","200739.50"
"2024-10-22","162798.80","200632.88"
"2024-10-23","161529.84","198799.62"
"2024-10-24","162490.37","199229.56"
"2024-10-25","162680.65","199160.76"
"2024-10-28","163003.79","199776.45"
"2024-10-29","164049.53","200099.76"
"2024-10-30","162080.37","199494.40"
"2024-10-31","160004.82","195583.69"
"2024-11-01","161724.27","196409.16"
"2024-11-04","158223.19","195986.11"
"2024-11-05","162746.67","198355.93"
"2024-11-06","168205.46","203288.16"
"2024-11-07","172411.07","204860.01"
"2024-11-08","173314.96","205747.41"
"2024-11-11","176198.90","205943.46"
"2024-11-12","178275.96","205303.72"
"2024-11-13","177761.64","205403.46"
"2024-11-14","176474.32","204082.68"
"2024-11-15","173319.48","201468.67"
"2024-11-18","174029.66","202294.16"
"2024-11-19","175917.20","203033.64"
"2024-11-20","176975.84","203102.44"
"2024-11-21","181691.11","204192.75"
"2024-11-22","182683.30","204825.63"
"2024-11-25","181229.14","205520.41"
"2024-11-26","182420.48","206593.54"
"2024-11-27","180896.69","205967.54"
"2024-11-29","183075.65","207247.03"
"2024-12-02","184906.80","207618.50"
"2024-12-03","185285.43","207714.79"
"2024-12-04","195923.68","209004.61"
"2024-12-05","194591.67","208660.66"
"2024-12-06","196998.67","209056.21"
"2024-12-09","190714.71","207979.64"
"2024-12-10","189986.48","207333.02"
"2024-12-11","195307.21","208935.83"
"2024-12-12","194543.43","207859.27"
"2024-12-13","192673.93","207818.00"
"2024-12-16","193879.28","208705.37"
"2024-12-17","192595.06","207845.50"
"2024-12-18","184804.42","201650.98"
"2024-12-19","187309.01","201589.05"
"2024-12-20","187626.56","203326.01"
"2024-12-23","187735.28","204543.59"
"2024-12-24","188727.52","206817.09"
"2024-12-26","187168.88","206830.86"
"2024-12-27","184422.03","204653.65"
"2024-12-30","182796.48","202318.22"
"2024-12-31","180977.07","201582.18"
"2025-01-02","181264.16","201086.89"
"2025-01-03","184951.41","203601.17"
"2025-01-06","184809.05","204774.03"
"2025-01-07","175168.43","202459.25"
"2025-01-08","173980.57","202755.04"
"2025-01-10","172391.81","199659.49"
"2025-01-13","171291.49","199969.06"
"2025-01-14","175432.71","200244.21"
"2025-01-15","179662.11","203886.65"
"2025-01-16","181733.80","203494.54"
"2025-01-17","183125.55","205537.61"
"2025-01-21","186674.74","207419.00"
"2025-01-22","190185.15","208585.00"
"2025-01-23","191603.24","209723.47"
"2025-01-24","190189.93","209111.23"
"2025-01-27","169494.54","206153.27"
"2025-01-28","180153.03","207924.62"
"2025-01-29","176357.20","206992.51"
"2025-01-30","174176.31","208103.46"
"2025-01-31","173999.85","206995.95"
"2025-02-03","171798.43","205602.96"
"2025-02-04","175570.52","206982.20"
"2025-02-05","178118.05","207821.42"
"2025-02-06","173981.58","208543.73"
"2025-02-07","180133.08","206634.81"
"2025-02-10","185224.94","208038.11"
"2025-02-11","182932.08","208196.33"
"2025-02-12","181160.95","207525.63"
"2025-02-13","186338.46","209716.59"
"2025-02-14","185210.23","209706.28"
"2025-02-18","183614.46","210321.94"
"2025-02-19","177060.85","210817.23"
"2025-02-20","173779.02","209940.16"
"2025-02-21","166982.37","206349.32"
"2025-02-24","164401.12","205410.35"
"2025-02-25","162199.98","204388.80"
"2025-02-26","162153.30","204491.99"
"2025-02-27","158595.23","201227.90"
"2025-02-28","159552.77","204368.17"
"2025-03-03","158774.35","200787.66"
"2025-03-04","157021.86","198410.95"
"2025-03-05","159702.19","200543.45"
"2025-03-06","156713.57","196983.57"
"2025-03-07","156749.01","198087.64"
"2025-03-10","151389.32","192811.46"
"2025-03-11","151853.37","191208.64"
"2025-03-12","151853.37","192223.30"
"2025-03-13","151853.37","189660.87"
"2025-03-14","151853.37","193578.46"
"2025-03-17","151853.37","195071.21"
"2025-03-18","151853.37","192962.80"
"2025-03-19","151853.37","195064.33"
"2025-03-20","151853.37","194500.24"
"2025-03-21","151853.37","193980.88"
"2025-03-24","151853.37","197454.78"
"2025-03-25","152559.09","197929.44"
"2025-03-26","150543.86","195566.50"
"2025-03-27","149113.98","195047.13"
"2025-03-28","149113.98","191119.21"
"2025-03-31","149113.98","192402.16"
"2025-04-01","149113.98","192945.58"
"2025-04-02","149113.98","194166.62"
"2025-04-03","149113.98","184597.93"
"2025-04-04","149113.98","173791.02"
"2025-04-07","149113.98","173481.47"
"2025-04-08","149113.98","170764.27"
"2025-04-09","149113.98","188697.81"
"2025-04-10","149113.98","180429.26"
"2025-04-11","149113.98","183648.63"
"2025-04-14","149113.98","185430.29"
"2025-04-15","149113.98","184910.92"
"2025-04-16","149113.98","180800.71"
"2025-04-17","149113.98","181058.67"
"2025-04-21","149113.98","176748.99"
"2025-04-22","149113.98","181347.60"
"2025-04-23","149113.98","184157.67"
"2025-04-24","149113.98","188033.99"
"2025-04-25","149113.98","189392.60"
"2025-04-28","149113.98","189464.81"
"2025-04-29","149113.98","190658.33"
"2025-04-30","149113.98","190733.99"
"2025-05-01","149113.98","192085.71"
"2025-05-02","149113.98","194937.07"
"2025-05-05","149113.98","193819.23"
"2025-05-06","149113.98","192199.22"
"2025-05-07","149113.98","193007.51"
"2025-05-08","149113.98","194352.35"
"2025-05-09","149113.98","194104.71"
"2025-05-12","149113.98","200519.37"
"2025-05-13","149960.98","201843.59"
"2025-05-14","149806.56","202101.55"
"2025-05-15","150320.94","203088.68"
"2025-05-16","151344.67","204375.05"
"2025-05-19","151245.32","204598.61"
"2025-05-20","151111.09","203910.71"
"2025-05-21","149802.33","200474.65"
"2025-05-22","150286.42","200553.78"
"2025-05-23","148907.16","199184.84"
"2025-05-27","150943.61","203326.01"
"2025-05-28","147099.79","202149.69"
"2025-05-29","147093.34","202947.65"
"2025-05-30","149173.23","202720.66"
"2025-06-02","152386.05","203862.57"
"2025-06-03","155022.00","205025.12"
"2025-06-04","155885.13","204970.08"
"2025-06-05","156141.93","203979.50"
"2025-06-06","154058.13","206074.17"
"2025-06-09","154237.64","206259.89"
"2025-06-10","155290.57","207429.33"
"2025-06-11","156321.72","206837.73"
"2025-06-12","156474.29","207659.77"
"2025-06-13","154736.40","205338.11"
"2025-06-16","157968.51","207291.74"
"2025-06-17","157732.63","205520.41"
"2025-06-18","156643.82","205489.45"
"2025-06-20","155203.21","204402.58"
"2025-06-23","155958.92","206421.56"
"2025-06-24","158460.56","208701.95"
"2025-06-25","158878.91","208818.88"
"2025-06-26","158998.06","210452.64"
"2025-06-27","158807.68","211498.24"
"2025-06-30","158457.08","212509.46"
"2025-07-01","157036.91","212440.68"
"2025-07-02","158023.07","213403.74"
"2025-07-03","159512.54","215085.66"
"2025-07-07","158053.86","213482.84"
"2025-07-08","159955.05","213365.91"
"2025-07-09","160275.72","214645.39"
"2025-07-10","158960.46","215250.75"
"2025-07-11","158645.60","214494.06"
"2025-07-14","157228.38","214903.36"
"2025-07-15","156133.38","213985.02"
"2025-07-16","157894.48","214700.42"
"2025-07-17","160742.34","216014.31"
"2025-07-18","160642.00","215856.10"
"2025-07-21","159613.44","216265.41"
"2025-07-22","158566.74","216296.35"
"2025-07-23","160221.04","218136.49"
"2025-07-24","160682.09","218208.71"
"2025-07-25","162638.31","219130.49"
"2025-07-28","163334.31","219075.47"
"2025-07-29","160003.74","218497.64"
"2025-07-30","163785.81","218222.48"
"2025-07-31","164159.78","217403.88"
"2025-08-01","159921.48","213840.54"
"2025-08-04","161656.73","217090.87"
"2025-08-05","160879.08","215990.23"
"2025-08-06","161965.19","217644.65"
"2025-08-07","165766.33","217462.34"
"2025-08-08","165889.01","219158.02"
"2025-08-11","163268.49","218724.64"
"2025-08-12","168746.35","221053.18"
"2025-08-13","169602.99","221809.88"
"2025-08-14","167762.49","221830.51"
"2025-08-15","165135.83","221311.15"
"2025-08-18","164928.44","221262.99"
"2025-08-19","157703.77","220062.61"
"2025-08-20","159834.45","219477.89"
"2025-08-21","157038.93","218597.38"
"2025-08-22","160262.74","221954.33"
"2025-08-25","159262.06","220977.50"
"2025-08-26","159953.03","221902.73"
"2025-08-27","160778.97","222408.35"
"2025-08-28","160682.11","223195.98"
"2025-08-29","159002.14","221864.90"
"2025-09-02","157637.43","220220.83"
"2025-09-03","158232.37","221414.33"
"2025-09-04","160081.99","223264.78"
"2025-09-05","159480.48","222618.15"
"2025-09-08","159298.87","223165.04"
"2025-09-09","159795.85","223680.97"
"2025-09-10","160300.45","224327.59"
"2025-09-11","160676.66","226191.80"
"2025-09-12","156665.26","226116.12"
"2025-09-15","159072.34","227319.94"
"2025-09-16","161539.93","227006.96"
"2025-09-17","165237.50","226724.91"
"2025-09-18","169971.51","227784.29"
"2025-09-19","168621.89","228279.57"
"2025-09-22","168795.92","229359.58"
"2025-09-23","166853.02","228111.04"
"2025-09-24","163800.88","227385.29"
"2025-09-25","160555.42","226336.25"
"2025-09-26","161075.35","227632.95"
"2025-09-29","162798.29","228272.69"
"2025-09-30","166153.47","229132.56"
"2025-10-01","170396.90","229913.34"
"2025-10-02","171256.29","230178.16"
"2025-10-03","172351.69","230174.74"
"2025-10-06","177131.66","231000.21"
"2025-10-07","174022.20","230143.78"
"2025-10-08","179295.44","231516.13"
"2025-10-09","177295.12","230845.43"
"2025-10-10","168755.33","224606.19"
"2025-10-13","176557.94","228052.56"
"2025-10-14","174571.48","227773.96"
"2025-10-15","178943.09","228785.17"
"2025-10-16","182239.87","227227.09"
"2025-10-17","180721.36","228516.90"
"2025-10-20","183304.43","230893.59"
"2025-10-21","181247.56","230890.14"
"2025-10-22","178701.98","229689.76"
"2025-10-23","184310.18","231051.81"
"2025-10-24","187881.82","232940.09"
"2025-10-27","190065.60","235688.25"
"2025-10-28","189401.42","236314.24"
"2025-10-29","191493.84","236427.75"
"2025-10-30","189085.59","233827.49"
"2025-10-31","184048.92","234594.49"
"2025-11-03","185778.75","235034.76"
"2025-11-04","177399.45","232248.75"
"2025-11-05","183182.01","233053.60"
"2025-11-06","182731.45","230553.08"
"2025-11-07","181153.70","230780.08"
"2025-11-10","190140.14","234381.24"
"2025-11-11","182989.41","234917.80"
"2025-11-12","179509.85","235048.51"
"2025-11-13","175391.68","231148.11"
"2025-11-14","184763.22","231110.28"
"2025-11-17","174528.35","228957.15"
"2025-11-18","167478.81","227034.48"
"2025-11-19","166439.80","227911.55"
"2025-11-20","162361.99","224437.66"
"2025-11-21","163209.22","226673.33"
"2025-11-24","164549.14","230009.63"
"2025-11-25","165787.34","232173.09"
"2025-11-26","166052.86","233775.89"
"2025-11-28","165878.57","235051.95"
"2025-12-01","164061.32","233978.83"
"2025-12-02","165276.14","234412.21"
"2025-12-03","166329.35","235223.92"
"2025-12-04","165971.40","235395.90"
"2025-12-05","167810.59","235843.03"
"2025-12-08","167082.02","235134.49"
"2025-12-09","167232.21","234931.55"
"2025-12-10","170277.20","236489.66"
"2025-12-11","167925.01","237039.97"
"2025-12-12","167785.39","234491.31"
"2025-12-15","168267.38","234137.03"
"2025-12-16","165958.73","233497.29"
"2025-12-17","163785.53","230927.99"
"2025-12-18","163924.36","232671.80"
"2025-12-19","165369.21","234088.89"
"2025-12-22","165768.97","235547.24"
"2025-12-23","166684.46","236623.80"
"2025-12-24","167002.57","237456.16"
"2025-12-26","166771.44","237432.08"
"2025-12-29","166968.40","236585.95"
"2025-12-30","166887.27","236297.05"
"2025-12-31","166018.01","234546.33"
"2026-01-02","167747.38","234976.27"
"2026-01-05","168427.38","236541.24"
"2026-01-06","170365.58","237948.00"
"2026-01-07","172271.26","237181.00"
"2026-01-08","173327.32","237156.92"
"2026-01-09","173922.97","238725.33"
"2026-01-12","174873.68","239100.23"
"2026-01-13","174501.35","238622.15"
"2026-01-14","174021.73","237449.27"
"2026-01-15","175135.51","238095.90"
"2026-01-16","176030.85","237896.40"
"2026-01-20","171723.33","233053.60"
"2026-01-21","171899.74","235743.29"
"2026-01-22","167128.68","236974.62"
"2026-01-23","165401.77","237060.61"
"2026-01-26","165060.99","238264.43"
"2026-01-27","169930.74","239213.74"
"2026-01-28","168498.14","239189.66"
"2026-01-29","167722.80","238715.00"
"2026-01-30","162989.50","238003.02"
"2026-02-02","165611.29","239186.21"
"2026-02-03","162074.44","237163.81"
"2026-02-04","155515.93","236015.00"
"2026-02-05","156754.89","233067.35"
"2026-02-06","157563.64","237538.70"
"2026-02-09","156344.12","238684.06"
"2026-02-10","156207.99","238054.63"
"2026-02-11","157739.00","237999.60"
"2026-02-12","153038.53","234322.78"
"2026-02-13","155247.31","234487.87"
"2026-02-17","156477.67","234866.20"
"2026-02-18","157923.91","236049.39"
"2026-02-19","157217.98","235426.84"
"2026-02-20","158283.99","237129.40"
"2026-02-23","156823.11","234708.00"
"2026-02-24","157258.49","236413.98"
"2026-02-25","155529.78","238408.90"
"2026-02-26","154156.08","237084.68"
"2026-02-27","157359.68","235946.21"
"2026-03-02","157816.21","236080.36"
"2026-03-03","157103.30","233999.46"
"2026-03-04","157885.33","235650.42"
"2026-03-05","158041.99","234336.53"
"2026-03-06","158168.35","231265.06"
"2026-03-09","158783.71","233290.93"
"2026-03-10","158306.58","232916.01"
"2026-03-11","157011.59","232623.66"
"2026-03-12","156527.54","229091.29"
"2026-03-13","157584.29","227794.59"
"2026-03-16","158168.03","230112.83"
"2026-03-17","161784.58","230718.17"
"2026-03-18","161110.31","227498.80"
"2026-03-19","161002.08","226938.16"
"2026-03-20","161294.98","223075.61"
"2026-03-23","161294.98","225417.91"
"2026-03-24","161294.98","224661.21"
"2026-03-25","161294.98","225913.20"
"2026-03-26","161294.98","221878.67"
"2026-03-27","161294.98","218095.22"
"2026-03-30","161294.98","217366.03"