"type","date","ticker","shares","price","reason"
"BUY","2019-10-11","SWKS",272,73.32912625644788,
"BUY","2019-10-14","TSM",569,43.8583086837315,
"BUY","2019-10-14","ASML",101,244.89046437751784,
"BUY","2019-10-14","TER",420,59.38302516780574,
"BUY","2019-10-14","STM",271,19.979585009454198,
"SELL","2019-11-11","TSM",569,46.28992120113311,"atr_trailing_stop_intraday"
"BUY","2019-11-12","DXCM",516,51.03550332069397,
"SELL","2019-11-13","SWKS",272,81.38591624220389,"atr_trailing_stop_gap_down"
"BUY","2019-11-14","KLAC",136,162.86079219862458,
"SELL","2019-11-21","TER",420,61.29333970822218,"atr_trailing_stop_intraday"
"SELL","2019-11-21","KLAC",136,154.09220289928203,"atr_trailing_stop_gap_down"
"BUY","2019-11-22","DOCU",375,70.33515305328369,
"BUY","2019-11-22","CPRT",926,21.933461860656738,
"SELL","2019-12-03","ASML",101,248.84771944663518,"atr_trailing_stop_gap_down"
"SELL","2019-12-03","DOCU",375,67.6413082575117,"atr_trailing_stop_intraday"
"SELL","2019-12-03","CPRT",926,21.72600661969185,"atr_trailing_stop_intraday"
"BUY","2019-12-04","MRNA",1025,21.0105,
"BUY","2019-12-04","SHOP",461,35.0175,
"BUY","2019-12-04","UMC",8757,1.8460211640000341,
"SELL","2019-12-06","MRNA",1025,19.232699853897095,"atr_trailing_stop_intraday"
"BUY","2019-12-09","TSM",537,48.854720407468044,
"SELL","2019-12-11","DXCM",516,53.200707963943486,"atr_trailing_stop_intraday"
"BUY","2019-12-12","QRVO",232,112.8463959159851,
"SELL","2019-12-31","UMC",8757,1.915655867755413,"atr_trailing_stop_gap_down"
"BUY","2020-01-02","FANG",298,72.54901198464232,
"SELL","2020-01-06","QRVO",232,110.77458683013917,"atr_trailing_stop_gap_down"
"BUY","2020-01-07","ALGN",94,286.0629734344482,
"SELL","2020-01-07","TSM",537,50.96336547793983,"atr_trailing_stop_intraday"
"BUY","2020-01-08","MU",478,56.68275126695249,
"SELL","2020-01-13","FANG",298,71.17519608661196,"atr_trailing_stop_intraday"
"BUY","2020-01-14","JD",742,36.34157594356154,
"SELL","2020-01-14","ALGN",94,282.6792923376901,"atr_trailing_stop_intraday"
"BUY","2020-01-15","TSLA",752,35.33499188804626,
"SELL","2020-01-27","STM",271,27.340391703212077,"atr_trailing_stop_intraday"
"SELL","2020-01-27","SHOP",461,44.73962003707886,"atr_trailing_stop_gap_down"
"SELL","2020-01-27","MU",478,53.76019429210387,"atr_trailing_stop_gap_down"
"SELL","2020-01-27","JD",742,33.548122182490786,"atr_trailing_stop_gap_down"
"BUY","2020-01-30","MDB",171,157.35863877868653,
"BUY","2020-01-30","META",105,205.0243489869157,
"BUY","2020-01-30","RMBS",1342,16.058024236679078,
"BUY","2020-01-30","AEP",105,82.22400243765748,
"SELL","2020-02-03","TSLA",752,44.89020998764038,"atr_trailing_stop_gap_down"
"BUY","2020-02-04","TWLO",227,130.45519438934326,
"SELL","2020-02-06","TWLO",227,120.53969847488403,"atr_trailing_stop_gap_down"
"BUY","2020-02-07","ENPH",735,38.019,
"SELL","2020-02-19","ENPH",735,47.48624332237244,"atr_trailing_stop_gap_down"
"BUY","2020-02-20","MELI",43,743.1613730163574,
"SELL","2020-02-21","AEP",105,82.02504206164915,"atr_trailing_stop_intraday"
"BUY","2020-02-24","ENPH",277,54.617295152664184,
"SELL","2020-02-24","MDB",171,153.43323950958253,"atr_trailing_stop_gap_down"
"SELL","2020-02-24","META",105,200.12859792517938,"atr_trailing_stop_gap_down"
"SELL","2020-02-24","RMBS",1342,15.262365457534791,"atr_trailing_stop_gap_down"
"SELL","2020-02-24","MELI",43,671.5868814217705,"atr_trailing_stop_intraday"
"BUY","2020-02-27","NET",1343,20.660324618339537,
"BUY","2020-02-27","MRNA",618,35.89794106864929,
"SELL","2020-02-27","ENPH",277,48.08879921095712,"atr_trailing_stop_intraday"
"SELL","2020-02-28","NET",1343,21.019485686302186,"market_signal_red"
"SELL","2020-02-27","MRNA",618,30.476981124354907,"atr_trailing_stop_intraday"
"BUY","2020-03-03","JD",338,39.54631763234199,
"SELL","2020-03-04","JD",338,38.53635568939198,"market_signal_red"
"BUY","2020-03-05","NET",601,22.19109030532837,
"BUY","2020-03-05","EA",100,106.40899322692064,
"SELL","2020-03-06","NET",601,22.75861545753479,"market_signal_red"
"SELL","2020-03-06","EA",100,103.351126221444,"market_signal_red"
"BUY","2020-05-28","ROK",66,199.53317705554718,
"BUY","2020-05-28","ODFL",165,80.86607067778185,
"BUY","2020-05-28","CSCO",344,38.7490997887096,
"BUY","2020-05-28","TER",161,66.16352140314336,
"BUY","2020-05-28","KTOS",576,18.509249999999998,
"SELL","2020-06-11","ROK",66,191.59599388536043,"atr_trailing_stop_gap_down"
"SELL","2020-06-11","ODFL",165,76.48159294025979,"atr_trailing_stop_intraday"
"SELL","2020-06-11","CSCO",344,37.82724245141722,"atr_trailing_stop_intraday"
"SELL","2020-06-11","TER",161,69.27084995704377,"atr_trailing_stop_intraday"
"SELL","2020-06-11","KTOS",576,17.53123091506958,"atr_trailing_stop_gap_down"
"BUY","2020-06-15","MELI",14,886.3029153442383,
"BUY","2020-06-16","DDOG",160,82.0810209159851,
"BUY","2020-06-16","NET",419,31.515749999999997,
"BUY","2020-06-16","ZM",55,236.10800049591063,
"BUY","2020-06-16","DOCU",80,165.02247244262693,
"SELL","2020-06-29","MELI",14,969.8148377990723,"market_signal_red"
"SELL","2020-06-29","DDOG",160,84.97748664474487,"market_signal_red"
"SELL","2020-06-29","NET",419,35.3223301525116,"market_signal_red"
"SELL","2020-06-29","ZM",55,254.8425162200928,"market_signal_red"
"SELL","2020-06-29","DOCU",80,176.1518854904175,"market_signal_red"
"BUY","2020-07-01","CDNS",143,95.74784694671631,
"BUY","2020-07-01","WIX",53,258.5392086639404,
"BUY","2020-07-01","SHOP",145,94.84840300369262,
"BUY","2020-07-01","FIVN",123,111.26560408401488,
"BUY","2020-07-01","TSLA",190,72.2360969467163,
"SELL","2020-07-13","TSLA",190,99.80421525410243,"atr_trailing_stop_intraday"
"BUY","2020-07-14","TSM",244,59.98630569039356,
"SELL","2020-07-14","SHOP",145,93.4336745918819,"atr_trailing_stop_intraday"
"SELL","2020-07-14","FIVN",123,108.27026852280754,"atr_trailing_stop_intraday"
"BUY","2020-07-15","ALGN",97,303.6717490081787,
"BUY","2020-07-15","CMCSA",536,32.969387916876016,
"SELL","2020-07-24","WIX",53,263.52817366027836,"atr_trailing_stop_gap_down"
"BUY","2020-07-27","KTOS",1521,19.479734313011168,
"SELL","2020-07-30","ALGN",97,289.6579528383528,"atr_trailing_stop_intraday"
"SELL","2020-07-30","CMCSA",536,34.79745232007723,"atr_trailing_stop_intraday"
"BUY","2020-07-31","MPWR",113,261.2385399341558,
"BUY","2020-07-31","AMD",347,78.70933316802979,
"SELL","2020-09-03","CDNS",143,109.90216003717696,"atr_trailing_stop_intraday"
"SELL","2020-09-03","MPWR",113,252.79468454407535,"atr_trailing_stop_intraday"
"SELL","2020-09-03","AMD",347,84.77259330613273,"atr_trailing_stop_intraday"
"BUY","2020-09-08","FANUY",484,18.65666563262213,
"BUY","2020-09-11","WBD",776,23.421704847335814,
"BUY","2020-09-15","CTSH",485,63.60893431428354,
"SELL","2020-09-21","KTOS",1521,20.134927549021587,"atr_trailing_stop_intraday"
"SELL","2020-09-21","FANUY",484,18.69526150401344,"atr_trailing_stop_intraday"
"SELL","2020-09-21","WBD",776,23.04561423124586,"atr_trailing_stop_intraday"
"BUY","2020-09-22","YASKY",246,73.13004296757141,
"BUY","2020-09-23","ZM",62,489.7347352294922,
"BUY","2020-09-23","DDOG",264,92.02599335861206,
"SELL","2020-09-23","TSM",244,71.58668184708719,"atr_trailing_stop_intraday"
"SELL","2020-09-24","CTSH",485,60.52593456178967,"atr_trailing_stop_gap_down"
"BUY","2020-09-29","UMC",6765,3.5577992241382597,
"BUY","2020-09-29","NET",568,41.130555610656735,
"SELL","2020-09-30","DDOG",264,90.87453816986084,"atr_trailing_stop_gap_down"
"BUY","2020-10-01","CSIQ",673,35.60779515266418,
"SELL","2020-10-12","YASKY",246,76.55179822250605,"atr_trailing_stop_gap_down"
"SELL","2020-10-12","NET",568,47.09643893241883,"atr_trailing_stop_gap_down"
"BUY","2020-10-13","TSM",410,82.67863754856249,
"BUY","2020-10-13","HUBS",36,322.161,
"SELL","2020-10-16","UMC",6765,3.9001673765676625,"atr_trailing_stop_intraday"
"BUY","2020-10-19","NOW",251,105.34064601516722,
"SELL","2020-10-21","ZM",62,523.5479858016968,"atr_trailing_stop_intraday"
"BUY","2020-10-22","JCI",648,39.452775685149334,
"SELL","2020-10-26","NOW",251,98.50372326905386,"atr_trailing_stop_intraday"
"SELL","2020-10-26","JCI",648,38.32376879781478,"atr_trailing_stop_intraday"
"BUY","2020-10-27","AEP",166,76.31167710590105,
"BUY","2020-10-28","IDXX",28,434.71725,
"SELL","2020-10-28","TSM",410,76.8814230525181,"atr_trailing_stop_intraday"
"SELL","2020-10-28","HUBS",36,293.86285007040846,"atr_trailing_stop_intraday"
"BUY","2020-10-29","ADP",89,137.60873397491886,
"SELL","2020-10-29","AEP",166,73.09997737018941,"atr_trailing_stop_intraday"
"BUY","2020-10-30","FANUY",760,20.398086120665788,
"SELL","2020-10-30","CSIQ",673,36.74304920795986,"atr_trailing_stop_intraday"
"SELL","2020-10-30","IDXX",28,419.0314606971741,"atr_trailing_stop_intraday"
"BUY","2020-11-02","FIVN",99,153.43668061065674,
"BUY","2020-11-02","BKR",707,13.006827241655182,
"BUY","2020-11-04","ZBRA",38,320.5802234344482,
"SELL","2020-11-09","FIVN",99,145.77521065466746,"atr_trailing_stop_intraday"
"BUY","2020-11-10","MU",587,53.79446543738493,
"SELL","2020-12-14","BKR",707,18.98152445947333,"atr_trailing_stop_intraday"
"BUY","2020-12-15","FIVN",215,165.2325688934326,
"SELL","2020-12-21","FANUY",760,23.036081452072217,"atr_trailing_stop_gap_down"
"SELL","2020-12-21","ZBRA",38,365.817,"atr_trailing_stop_gap_down"
"BUY","2020-12-22","HUBS",87,412.1559872131347,
"BUY","2020-12-22","ZS",70,202.33111072540282,
"SELL","2021-01-04","ADP",89,154.36153919998958,"atr_trailing_stop_intraday"
"SELL","2021-01-04","FIVN",215,170.7649340558733,"atr_trailing_stop_intraday"
"SELL","2021-01-04","HUBS",87,380.26455209895545,"atr_trailing_stop_intraday"
"BUY","2021-01-05","TSM",341,103.12838677277513,
"BUY","2021-01-05","ASML",74,471.98036301875703,
"BUY","2021-01-05","TSLA",56,241.34061122131345,
"SELL","2021-01-06","ZS",70,187.14460110473632,"atr_trailing_stop_intraday"
"BUY","2021-01-07","FANG",285,46.26537386199851,
"SELL","2021-01-27","MU",587,74.7928722631552,"atr_trailing_stop_intraday"
"SELL","2021-01-27","ASML",74,502.9106454500678,"atr_trailing_stop_intraday"
"BUY","2021-01-28","MRNA",95,154.18204822540284,
"BUY","2021-01-28","WBD",337,43.60179183197021,
"SELL","2021-01-29","TSLA",56,260.14319729123804,"atr_trailing_stop_intraday"
"BUY","2021-02-01","BIIB",39,283.34161221313474,
"SELL","2021-02-01","MRNA",95,158.72202821663447,"atr_trailing_stop_intraday"
"BUY","2021-02-02","STM",471,39.31156270406266,
"SELL","2021-02-03","BIIB",39,266.9907228742327,"atr_trailing_stop_intraday"
"BUY","2021-02-04","GOOG",289,102.6534437443685,
"SELL","2021-02-23","TSM",341,118.32192821502686,"atr_trailing_stop_gap_down"
"SELL","2021-02-23","WBD",337,51.12299917997633,"atr_trailing_stop_intraday"
"SELL","2021-02-23","STM",471,37.40624842966749,"atr_trailing_stop_intraday"
"BUY","2021-02-24","ZBRA",78,493.97687599182126,
"BUY","2021-02-25","MU",437,89.30291394905868,
"BUY","2021-02-25","BKR",1344,22.51602507152369,
"SELL","2021-03-04","MU",437,82.08645974665737,"atr_trailing_stop_intraday"
"BUY","2021-03-05","WBD",470,63.711840305328366,
"SELL","2021-03-05","ZBRA",78,470.0491508919852,"atr_trailing_stop_intraday"
"SELL","2021-03-05","BKR",1344,20.30077434007143,"atr_trailing_stop_intraday"
"BUY","2021-03-08","JCI",707,53.82436092849967,
"BUY","2021-03-09","ROK",126,238.55869194992775,
"SELL","2021-03-23","FANG",285,58.39646462103348,"atr_trailing_stop_gap_down"
"SELL","2021-03-23","WBD",470,68.38257589435578,"atr_trailing_stop_intraday"
"BUY","2021-03-24","XEL",537,55.451746891533915,
"BUY","2021-03-24","AEP",295,70.24804495197526,
"SELL","2021-04-07","ROK",126,238.6780532028809,"atr_trailing_stop_intraday"
"BUY","2021-04-08","GOOGL",268,112.32820791241647,
"SELL","2021-04-22","AEP",295,73.01068785827258,"atr_trailing_stop_intraday"
"BUY","2021-04-23","ADP",122,175.31867680332965,
"SELL","2021-04-28","ADP",122,171.40769107247297,"atr_trailing_stop_intraday"
"BUY","2021-04-29","FANG",306,68.82760707702812,
"SELL","2021-04-30","JCI",707,55.440752263074465,"atr_trailing_stop_intraday"
"BUY","2021-05-03","FIVN",168,189.0444719467163,
"SELL","2021-05-04","GOOG",289,116.03608970427094,"atr_trailing_stop_intraday"
"SELL","2021-05-04","GOOGL",268,113.90763099513424,"atr_trailing_stop_intraday"
"SELL","2021-05-04","FIVN",168,172.28523610305788,"atr_trailing_stop_intraday"
"BUY","2021-05-05","ODFL",294,130.04123318767205,
"BUY","2021-05-05","KHC",921,33.282439808157875,
"BUY","2021-05-05","PAYX",262,87.48526489371137,
"SELL","2021-05-11","FANG",306,62.79644394184332,"atr_trailing_stop_intraday"
"SELL","2021-05-11","PAYX",262,85.80610072648784,"atr_trailing_stop_intraday"
"SELL","2021-05-12","XEL",537,59.75162466226333,"atr_trailing_stop_intraday"
"SELL","2021-05-12","ODFL",294,126.61038544919627,"atr_trailing_stop_intraday"
"BUY","2021-05-14","AZN",304,99.49387005824552,
"BUY","2021-05-14","BIIB",80,281.61073622131346,
"BUY","2021-05-18","BKR",1299,23.34733072431949,
"BUY","2021-05-19","EXC",1098,27.482337864377893,
"SELL","2021-05-25","BIIB",80,277.00427264186317,"atr_trailing_stop_intraday"
"BUY","2021-05-26","ADI",189,150.27601103549426,
"SELL","2021-06-02","AZN",304,100.54601339755175,"atr_trailing_stop_gap_down"
"BUY","2021-06-03","NVDA",1842,16.667092447747944,
"SELL","2021-06-03","EXC",1098,26.44482090193025,"atr_trailing_stop_intraday"
"BUY","2021-06-04","ANET",1346,21.573281249999997,
"SELL","2021-06-09","KHC",921,34.1105694003562,"atr_trailing_stop_intraday"
"BUY","2021-06-10","INTU",67,453.65726874395045,
"SELL","2021-06-17","BKR",1299,21.74099196831564,"atr_trailing_stop_intraday"
"BUY","2021-06-18","HUBS",51,569.7046929016113,
"SELL","2021-06-18","ADI",189,149.4872769867356,"atr_trailing_stop_intraday"
"BUY","2021-06-21","DASH",169,167.58374999999998,
"SELL","2021-07-14","HUBS",51,557.0130498831612,"atr_trailing_stop_intraday"
"BUY","2021-07-15","MRNA",115,246.78333366394043,
"SELL","2021-07-15","NVDA",1842,19.129956083192017,"atr_trailing_stop_intraday"
"BUY","2021-07-16","BR",198,157.96935008007654,
"SELL","2021-07-19","ANET",1346,22.378189577579498,"atr_trailing_stop_intraday"
"SELL","2021-07-19","BR",198,153.33072201828872,"atr_trailing_stop_intraday"
"SELL","2021-07-20","MRNA",115,298.46997866412573,"atr_trailing_stop_intraday"
"BUY","2021-07-21","DOCU",135,301.1395081787109,
"BUY","2021-07-21","FTNT",771,52.868420053482055,
"BUY","2021-07-21","PANW",262,66.73001886749267,
"SELL","2021-07-30","FTNT",771,51.78181114973341,"atr_trailing_stop_intraday"
"BUY","2021-08-02","MPWR",91,437.451721623015,
"SELL","2021-08-06","PANW",262,64.27742492314748,"atr_trailing_stop_intraday"
"BUY","2021-08-09","ADSK",50,333.3465826721191,
"SELL","2021-08-16","DOCU",135,287.53387807791574,"atr_trailing_stop_intraday"
"BUY","2021-08-17","GOOGL",286,136.68914852000526,
"SELL","2021-08-25","INTU",67,541.3075403956537,"atr_trailing_stop_intraday"
"BUY","2021-08-26","NVDA",1639,22.16033769100965,
"SELL","2021-08-26","ADSK",50,317.04141220092777,"atr_trailing_stop_gap_down"
"BUY","2021-08-27","CDNS",99,159.97994389343262,
"SELL","2021-09-20","GOOGL",286,136.9604279190479,"atr_trailing_stop_gap_down"
"SELL","2021-09-20","NVDA",1639,21.090837283429,"atr_trailing_stop_gap_down"
"SELL","2021-09-20","CDNS",99,161.5391851196289,"atr_trailing_stop_gap_down"
"BUY","2021-09-23","DDOG",284,150.7453331680298,
"BUY","2021-09-23","DXCM",298,143.39166732788084,
"BUY","2021-09-23","NET",30,137.03848622131346,
"SELL","2021-09-27","NET",30,122.96097232450103,"atr_trailing_stop_intraday"
"BUY","2021-09-28","TSLA",14,262.5311938934326,
"SELL","2021-09-28","DDOG",284,137.09317772120724,"atr_trailing_stop_intraday"
"SELL","2021-09-28","DXCM",298,133.4669866545541,"atr_trailing_stop_intraday"
"SELL","2021-09-29","MPWR",91,469.5168012669817,"atr_trailing_stop_intraday"
"BUY","2021-09-30","DLTR",241,99.45970866394042,
"SELL","2021-09-30","DASH",169,204.41203162166053,"atr_trailing_stop_intraday"
"SELL","2021-10-01","DLTR",241,93.84419445553479,"atr_trailing_stop_intraday"
"BUY","2021-10-04","FANG",484,82.21324291929146,
"BUY","2021-10-04","PAYX",237,100.66011007466513,
"BUY","2021-10-06","NFLX",637,62.84940979385376,
"BUY","2021-10-08","MRVL",626,64.37677225469503,
"SELL","2021-10-25","TSLA",14,316.6849010925293,"atr_trailing_stop_gap_down"
"BUY","2021-10-26","ZS",48,314.0369448852539,
"SELL","2021-11-08","PAYX",237,107.91020674870947,"atr_trailing_stop_intraday"
"SELL","2021-11-08","NFLX",637,64.42141643224444,"atr_trailing_stop_intraday"
"BUY","2021-11-09","SNOW",117,371.245527557373,
"BUY","2021-11-09","MDB",40,576.4280846557617,
"SELL","2021-11-19","FANG",484,85.8793177661849,"atr_trailing_stop_gap_down"
"BUY","2021-11-22","NVDA",1248,33.46301707621242,
"SELL","2021-11-22","ZS",48,344.20485397665846,"atr_trailing_stop_intraday"
"SELL","2021-11-22","SNOW",117,371.3453732594082,"atr_trailing_stop_intraday"
"SELL","2021-11-22","MDB",40,524.4926469890049,"atr_trailing_stop_intraday"
"BUY","2021-11-23","XEL",571,57.21556379727592,
"BUY","2021-11-24","DLTR",282,146.34313927459715,
"BUY","2021-11-24","LRCX",113,62.31040807937327,
"SELL","2021-11-30","XEL",571,54.95522317387409,"atr_trailing_stop_intraday"
"SELL","2021-11-30","DLTR",282,133.65170706639972,"atr_trailing_stop_intraday"
"BUY","2021-12-02","AOSL",384,51.795885457992554,
"SELL","2021-12-02","MRVL",626,68.77700249262928,"atr_trailing_stop_intraday"
"SELL","2021-12-02","LRCX",113,62.88953407031386,"atr_trailing_stop_intraday"
"BUY","2021-12-06","MRVL",238,82.15317408537942,
"SELL","2021-12-06","NVDA",1248,28.84968998496464,"atr_trailing_stop_intraday"
"BUY","2021-12-07","FAST",1102,28.23126809260772,
"BUY","2021-12-08","TER",253,156.40625245350034,
"BUY","2021-12-08","RMBS",1380,28.674329847335812,
"SELL","2021-12-20","FAST",1102,27.550411994598292,"atr_trailing_stop_intraday"
"BUY","2021-12-21","AVGO",598,59.93913429997736,
"SELL","2022-01-06","MRVL",238,80.74503216951875,"atr_trailing_stop_intraday"
"BUY","2022-01-07","FANG",189,101.93831857733134,
"SELL","2022-01-07","AVGO",598,57.54326824000198,"atr_trailing_stop_intraday"
"BUY","2022-01-10","WBD",1002,30.18508507633209,
"SELL","2022-01-10","AOSL",384,52.19389122009277,"atr_trailing_stop_gap_down"
"SELL","2022-01-10","TER",253,151.41907172303297,"atr_trailing_stop_intraday"
"SELL","2022-01-10","RMBS",1380,27.0564642864636,"atr_trailing_stop_intraday"
"BUY","2022-01-11","XEL",488,60.72781017800023,
"BUY","2022-01-11","CHKP",184,120.89041683197021,
"BUY","2022-01-12","BKR",1198,24.582590560176076,
"SELL","2022-01-14","CHKP",184,122.02038345609394,"atr_trailing_stop_intraday"
"BUY","2022-01-18","AMAT",238,159.36287979434627,
"SELL","2022-01-19","AMAT",238,141.64182551776832,"atr_trailing_stop_intraday"
"BUY","2022-01-21","AZN",259,108.64265613248848,
"SELL","2022-01-21","FANG",189,97.91079172971821,"atr_trailing_stop_gap_down"
"SELL","2022-01-21","WBD",1002,26.8165849237442,"atr_trailing_stop_gap_down"
"SELL","2022-01-24","XEL",488,59.74449201860967,"market_signal_red"
"SELL","2022-01-24","BKR",1198,24.11513055824664,"market_signal_red"
"SELL","2022-01-24","AZN",259,104.70706498404715,"market_signal_red"
"BUY","2022-02-03","FICO",70,493.5066397705078,
"BUY","2022-02-03","EXC",767,36.259393135110095,
"BUY","2022-02-03","GOOGL",192,144.58334676945577,
"BUY","2022-02-03","GOOG",193,144.18388294216797,
"BUY","2022-02-09","BKNG",8,2549.746166465743,
"SELL","2022-02-14","FICO",70,514.7824580383301,"market_signal_red"
"SELL","2022-02-14","EXC",767,36.29184897270881,"market_signal_red"
"SELL","2022-02-11","GOOGL",192,135.3747773857345,"atr_trailing_stop_intraday"
"SELL","2022-02-11","GOOG",193,134.875286570728,"atr_trailing_stop_intraday"
"SELL","2022-02-14","BKNG",8,2474.0903404658966,"market_signal_red"
"BUY","2022-02-16","MU",369,92.37937169915708,
"BUY","2022-02-16","CHKP",260,131.21556889343262,
"BUY","2022-02-16","AOSL",591,57.65881606864929,
"BUY","2022-02-16","MPWR",59,457.8678448330281,
"BUY","2022-02-16","MELI",6,1166.8231102294922,
"SELL","2022-02-18","MU",369,92.37498158130305,"market_signal_red"
"SELL","2022-02-18","CHKP",260,132.7036192703247,"market_signal_red"
"SELL","2022-02-18","AOSL",591,53.923025762557984,"market_signal_red"
"SELL","2022-02-18","MPWR",59,449.15935679030866,"market_signal_red"
"SELL","2022-02-17","MELI",6,1032.1582395286953,"atr_trailing_stop_intraday"
"BUY","2022-03-23","AOSL",532,62.60128469467163,
"BUY","2022-03-23","CTSH",307,86.81958828274186,
"BUY","2022-03-23","CRWD",125,213.3516176147461,
"BUY","2022-03-23","MELI",22,1196.3378602294922,
"BUY","2022-03-23","ANET",605,33.71184719467163,
"SELL","2022-03-24","AOSL",532,61.19938454246521,"market_signal_red"
"SELL","2022-03-24","CTSH",307,85.23693483889019,"market_signal_red"
"SELL","2022-03-24","CRWD",125,219.89000000000001,"market_signal_red"
"SELL","2022-03-24","MELI",22,1210.964161315918,"market_signal_red"
"SELL","2022-03-24","ANET",605,33.99049594497681,"market_signal_red"
"BUY","2022-03-25","AZN",278,119.92580838035069,
"BUY","2022-03-25","FANG",284,117.18449184941312,
"BUY","2022-03-25","PANW",320,104.12703444671631,
"BUY","2022-03-25","RMBS",1026,32.51625,
"BUY","2022-03-25","GOOGL",1,140.8230689162923,
"SELL","2022-04-05","RMBS",1026,29.905753748825617,"atr_trailing_stop_intraday"
"BUY","2022-04-06","XEL",401,64.17876728290085,
"SELL","2022-04-07","AZN",278,127.7893126500821,"market_signal_red"
"SELL","2022-04-07","FANG",284,113.2646772105869,"market_signal_red"
"SELL","2022-04-07","PANW",320,100.58301463317872,"market_signal_red"
"SELL","2022-04-06","GOOGL",1,135.19738845361258,"atr_trailing_stop_intraday"
"SELL","2022-04-07","XEL",401,65.50822628812068,"market_signal_red"
"BUY","2022-04-08","AZN",251,130.33489226763876,
"BUY","2022-04-08","CHKP",226,144.822375,
"BUY","2022-04-08","EXC",755,43.424341814920204,
"SELL","2022-04-11","AZN",251,130.88679463622287,"market_signal_red"
"SELL","2022-04-11","CHKP",226,141.24934732055664,"market_signal_red"
"SELL","2022-04-11","EXC",755,43.225111931879155,"market_signal_red"
"BUY","2022-12-01","ROST",143,113.77558928294651,
"BUY","2022-12-01","MCHP",221,73.73470123015218,
"BUY","2022-12-01","ANET",465,35.03000701332092,
"BUY","2022-12-01","SBUX",172,94.59071778774873,
"BUY","2022-12-01","KLAC",34,383.2411116193295,
"SELL","2022-12-06","ROST",143,113.6208593286379,"market_signal_red"
"SELL","2022-12-06","MCHP",221,70.58524900909302,"market_signal_red"
"SELL","2022-12-06","ANET",465,33.40578936004639,"market_signal_red"
"SELL","2022-12-06","SBUX",172,95.87209860278179,"market_signal_red"
"SELL","2022-12-06","KLAC",34,378.65146133729127,"market_signal_red"
"BUY","2023-01-17","MELI",14,1081.8106545410155,
"BUY","2023-01-17","ASML",25,632.9964725959999,
"BUY","2023-01-17","BKNG",7,2256.897031918479,
"BUY","2023-01-17","BIDU",118,135.52773671722412,
"BUY","2023-01-17","IRDM",278,57.93967553477122,
"SELL","2023-01-19","MELI",14,1044.847310119629,"market_signal_red"
"SELL","2023-01-19","ASML",25,635.7727060524475,"market_signal_red"
"SELL","2023-01-19","BKNG",7,2227.256724630473,"market_signal_red"
"SELL","2023-01-19","BIDU",118,126.91651335525513,"market_signal_red"
"SELL","2023-01-19","IRDM",278,56.15394728278603,"market_signal_red"
"BUY","2023-01-24","TSM",173,91.20893570684017,
"BUY","2023-01-24","HUBS",46,344.0619596557617,
"BUY","2023-01-24","MPWR",38,416.4892304318674,
"BUY","2023-01-24","NVDA",842,18.816553672939534,
"BUY","2023-01-24","DASH",264,60.029999999999994,
"SELL","2023-02-10","HUBS",46,345.2862025931222,"atr_trailing_stop_intraday"
"BUY","2023-02-13","CDW",66,197.33954439032505,
"SELL","2023-02-15","TSM",173,86.46083575305899,"atr_trailing_stop_intraday"
"BUY","2023-02-16","BKNG",7,2430.6303824821366,
"SELL","2023-02-21","DASH",264,58.19517053209033,"atr_trailing_stop_intraday"
"SELL","2023-02-22","CDW",66,194.68315561850687,"atr_trailing_stop_intraday"
"BUY","2023-02-23","PANW",137,93.84690305328368,
"BUY","2023-02-27","KTOS",1249,13.10655038166046,
"SELL","2023-03-10","MPWR",38,486.01761721796504,"market_signal_red"
"SELL","2023-03-10","NVDA",842,23.37660219769887,"market_signal_red"
"SELL","2023-03-10","BKNG",7,2461.648867804945,"market_signal_red"
"SELL","2023-03-10","PANW",137,92.35879627990724,"market_signal_red"
"SELL","2023-03-10","KTOS",1249,12.783604961872102,"market_signal_red"
"BUY","2023-03-17","ANET",404,40.65156409835815,
"BUY","2023-03-17","NVDA",632,25.971995938046312,
"BUY","2023-03-17","CDNS",79,206.8833887786865,
"BUY","2023-03-17","META",82,199.09786782125434,
"BUY","2023-03-17","AMD",169,96.70833366394042,
"SELL","2023-03-20","ANET",404,40.54471612739563,"market_signal_red"
"SELL","2023-03-20","NVDA",632,25.57954840988864,"market_signal_red"
"SELL","2023-03-20","CDNS",79,206.8965,"market_signal_red"
"SELL","2023-03-20","META",82,196.83607412361627,"market_signal_red"
"SELL","2023-03-20","AMD",169,96.25185305023194,"market_signal_red"
"BUY","2023-03-21","ADBE",35,364.8123198852539,
"BUY","2023-03-21","UMC",1816,7.208971387647781,
"BUY","2023-03-21","TXN",79,163.78337111069527,
"BUY","2023-03-21","CHKP",99,131.0154719467163,
"BUY","2023-03-22","ANET",391,41.91094438934326,
"SELL","2023-03-23","ADBE",35,368.8054952392578,"market_signal_red"
"SELL","2023-03-23","UMC",1816,7.284639651648021,"market_signal_red"
"SELL","2023-03-23","TXN",79,162.66998613400992,"market_signal_red"
"SELL","2023-03-23","CHKP",99,126.73660305023193,"market_signal_red"
"SELL","2023-03-23","ANET",391,42.05896183013916,"market_signal_red"
"BUY","2023-03-24","MU",274,59.64737038816407,
"BUY","2023-03-24","ASML",25,639.2029893719365,
"BUY","2023-03-24","FTNT",259,62.95145816802978,
"BUY","2023-03-24","INTU",31,420.59497391473906,
"BUY","2023-03-24","EA",84,116.33529268473805,
"SELL","2023-04-04","MU",274,56.71929034312603,"atr_trailing_stop_intraday"
"SELL","2023-04-04","EA",84,119.51622791064192,"atr_trailing_stop_gap_down"
"BUY","2023-04-05","NOW",173,95.19757652664184,
"BUY","2023-04-05","META",77,212.588762556008,
"SELL","2023-04-19","ASML",25,608.09877691337,"atr_trailing_stop_gap_down"
"BUY","2023-04-20","GEHC",385,84.99602459681668,
"SELL","2023-04-25","FTNT",259,65.04531849752155,"atr_trailing_stop_intraday"
"SELL","2023-04-25","INTU",31,421.0787450569881,"atr_trailing_stop_intraday"
"SELL","2023-04-25","NOW",173,89.46838451657977,"atr_trailing_stop_intraday"
"SELL","2023-04-25","GEHC",385,83.05113187165117,"atr_trailing_stop_gap_down"
"BUY","2023-04-26","SBUX",186,101.27041549807393,
"SELL","2023-04-26","SBUX",186,101.16919569247867,"atr_trailing_stop_gap_down"
"BUY","2023-04-27","MSFT",110,289.2675295432494,
"BUY","2023-04-27","MDB",105,242.69129232788086,
"BUY","2023-04-27","SBUX",248,103.48143951288189,
"BUY","2023-04-27","CSGP",353,72.5762709159851,
"SELL","2023-04-27","CSGP",353,72.50373091506958,"atr_trailing_stop_gap_down"
"BUY","2023-04-28","TTD",449,64.25211122131347,
"SELL","2023-05-03","SBUX",248,101.23417002210842,"atr_trailing_stop_gap_down"
"BUY","2023-05-04","MNST",429,58.60929183197021,
"SELL","2023-05-25","MNST",429,57.181394084930425,"atr_trailing_stop_gap_down"
"BUY","2023-05-26","NVDA",648,37.87541863392707,
"SELL","2023-06-26","MSFT",110,323.3604301434588,"atr_trailing_stop_intraday"
"BUY","2023-06-28","PANW",285,124.44218725204468,
"SELL","2023-07-10","MDB",105,377.1175994894845,"atr_trailing_stop_intraday"
"BUY","2023-07-11","NXPI",197,200.5735422145528,
"SELL","2023-07-12","PANW",285,119.35173117991857,"atr_trailing_stop_intraday"
"BUY","2023-07-13","AVGO",393,86.88983137338386,
"SELL","2023-07-21","META",77,292.43481366419394,"atr_trailing_stop_intraday"
"BUY","2023-07-24","VRSK",98,229.78646669561832,
"SELL","2023-07-24","TTD",449,82.59532522419521,"atr_trailing_stop_intraday"
"BUY","2023-07-25","CSCO",653,49.617531100356736,
"SELL","2023-07-31","VRSK",98,226.11715757986113,"atr_trailing_stop_intraday"
"BUY","2023-08-01","HUBS",46,572.7061929016113,
"SELL","2023-08-02","NVDA",648,43.58011325862094,"atr_trailing_stop_intraday"
"BUY","2023-08-03","CDW",152,188.53537766427655,
"SELL","2023-08-03","HUBS",46,514.3227270812988,"atr_trailing_stop_gap_down"
"BUY","2023-08-04","CEG",237,100.06875510452605,
"SELL","2023-08-09","AVGO",393,83.5622532192386,"atr_trailing_stop_intraday"
"BUY","2023-08-10","BKR",964,34.13869610432798,
"SELL","2023-08-11","NXPI",197,198.18067785735204,"atr_trailing_stop_intraday"
"BUY","2023-08-14","BR",182,173.46896344701824,
"SELL","2023-08-31","CEG",237,102.98540159867508,"atr_trailing_stop_intraday"
"BUY","2023-09-01","ANET",644,49.469722194671625,
"SELL","2023-09-12","CDW",152,201.14836185909422,"atr_trailing_stop_intraday"
"BUY","2023-09-13","INTC",801,38.180823643648736,
"SELL","2023-09-15","CSCO",653,52.18392808679037,"atr_trailing_stop_intraday"
"BUY","2023-09-19","IRDM",504,47.415038097751925,
"SELL","2023-09-19","INTC",801,35.69028391782435,"atr_trailing_stop_intraday"
"SELL","2023-09-20","IRDM",504,46.65375310207321,"atr_trailing_stop_intraday"
"BUY","2023-09-21","XEL",567,55.10722030762853,
"SELL","2023-09-21","BKR",964,33.66176921445054,"atr_trailing_stop_intraday"
"SELL","2023-09-21","BR",182,176.1303211622751,"atr_trailing_stop_intraday"
"SELL","2023-09-21","ANET",644,45.069952529907226,"atr_trailing_stop_gap_down"
"BUY","2023-09-22","KHC",771,30.04547675482753,
"SELL","2023-09-26","XEL",567,53.03473642517929,"atr_trailing_stop_intraday"
"SELL","2023-09-28","KHC",771,29.418182896319923,"atr_trailing_stop_intraday"
"BUY","2023-10-09","CRWD",218,176.58825,
"BUY","2023-10-09","SNPS",65,468.234,
"BUY","2023-10-09","META",99,310.22174982350015,
"BUY","2023-10-09","PCOR",449,68.66431225204468,
"BUY","2023-10-09","BIIB",87,263.1115009918213,
"SELL","2023-10-13","BIIB",87,258.70772655160084,"atr_trailing_stop_intraday"
"BUY","2023-10-16","FANG",153,152.17987162217466,
"SELL","2023-10-23","CRWD",218,175.912,"market_signal_red"
"SELL","2023-10-20","SNPS",65,471.04222361755376,"atr_trailing_stop_intraday"
"SELL","2023-10-20","META",99,306.19525143987784,"atr_trailing_stop_intraday"
"SELL","2023-10-20","PCOR",449,64.22787213516236,"atr_trailing_stop_gap_down"
"SELL","2023-10-23","FANG",153,149.04009721424063,"market_signal_red"
"BUY","2023-10-25","NFLX",725,41.62280219078064,
"SELL","2023-10-26","NFLX",725,41.12142729187012,"market_signal_red"
"BUY","2023-11-03","NOW",313,120.17605531311034,
"BUY","2023-11-03","MSFT",109,343.18444319366273,
"BUY","2023-11-03","SHOP",502,59.889930610656734,
"BUY","2023-11-03","DASH",341,88.09402805328368,
"BUY","2023-11-03","XEL",271,56.87983360867136,
"SELL","2023-11-08","XEL",271,54.13820543461025,"atr_trailing_stop_intraday"
"BUY","2023-11-09","SNPS",29,506.06290255737304,
"SELL","2023-12-04","MSFT",109,359.5517351181006,"atr_trailing_stop_intraday"
"SELL","2023-12-04","SNPS",29,527.4019146325247,"atr_trailing_stop_intraday"
"BUY","2023-12-05","KTOS",2081,20.18008507633209,
"BUY","2023-12-05","FIVN",145,85.96796555328369,
"SELL","2023-12-14","NOW",313,137.38412827410016,"atr_trailing_stop_intraday"
"BUY","2023-12-15","MPWR",68,624.1661799912381,
"SELL","2024-01-02","SHOP",502,74.29462530095236,"atr_trailing_stop_intraday"
"SELL","2024-01-02","DASH",341,96.4522884204047,"atr_trailing_stop_intraday"
"SELL","2024-01-02","KTOS",2081,19.593054799216134,"atr_trailing_stop_intraday"
"BUY","2024-01-03","XEL",552,59.035380593810814,
"BUY","2024-01-03","AZN",253,128.5497413703448,
"BUY","2024-01-03","MNST",552,59.099534694671625,
"SELL","2024-01-03","FIVN",145,74.68720839772907,"atr_trailing_stop_intraday"
"SELL","2024-01-03","MPWR",68,581.6677258783051,"atr_trailing_stop_gap_down"
"BUY","2024-01-04","FANG",214,149.12959199619718,
"BUY","2024-01-04","CSCO",503,47.760824991116664,
"SELL","2024-01-08","FANG",214,141.3312506747199,"atr_trailing_stop_gap_down"
"BUY","2024-01-09","DXCM",299,128.87440255737303,
"SELL","2024-01-11","XEL",552,57.21933051649059,"atr_trailing_stop_intraday"
"BUY","2024-01-12","ANET",501,63.031499999999994,
"SELL","2024-01-16","AZN",253,127.15088088771502,"atr_trailing_stop_gap_down"
"BUY","2024-01-17","NVDA",571,56.34073609628349,
"SELL","2024-01-17","MNST",552,56.96614820466723,"atr_trailing_stop_intraday"
"BUY","2024-01-18","DDOG",245,128.27411171722412,
"SELL","2024-01-24","DDOG",245,123.45652361270359,"atr_trailing_stop_intraday"
"BUY","2024-01-25","AVGO",242,125.06586390077693,
"SELL","2024-01-26","DXCM",299,121.07728660202027,"atr_trailing_stop_intraday"
"BUY","2024-01-29","NFLX",633,57.16356582069397,
"SELL","2024-01-31","CSCO",503,48.504980285331136,"atr_trailing_stop_intraday"
"SELL","2024-01-31","AVGO",242,116.0116274649596,"atr_trailing_stop_gap_down"
"BUY","2024-02-01","ADP",99,232.73252189791842,
"BUY","2024-02-02","ASML",34,863.2753630213492,
"SELL","2024-02-13","ANET",501,64.44026741027832,"atr_trailing_stop_gap_down"
"BUY","2024-02-15","VEEV",145,222.22105561065672,
"SELL","2024-02-21","NVDA",571,67.49966293683123,"atr_trailing_stop_intraday"
"BUY","2024-02-22","AEP",314,76.49431453357826,
"SELL","2024-02-27","ADP",99,238.83097214516016,"atr_trailing_stop_intraday"
"BUY","2024-02-28","GEHC",416,91.99285472251705,
"SELL","2024-03-11","ASML",34,954.7387120388247,"atr_trailing_stop_intraday"
"BUY","2024-03-12","MRNA",290,112.056,
"SELL","2024-03-12","AEP",314,76.9473981688189,"atr_trailing_stop_intraday"
"BUY","2024-03-13","JCI",403,60.01775586774239,
"SELL","2024-03-13","GEHC",416,86.80845598652017,"atr_trailing_stop_intraday"
"BUY","2024-03-14","FANG",204,177.0168787088323,
"SELL","2024-04-02","VEEV",145,213.01343511962892,"atr_trailing_stop_gap_down"
"BUY","2024-04-03","XEL",489,50.421143709084184,
"SELL","2024-04-03","MRNA",290,100.00568661376408,"atr_trailing_stop_intraday"
"BUY","2024-04-04","MU",272,129.33785202060776,
"SELL","2024-04-04","JCI",403,62.61451327527128,"atr_trailing_stop_intraday"
"BUY","2024-04-05","HUBS",37,670.3650443115234,
"SELL","2024-04-05","XEL",489,49.694717880831796,"atr_trailing_stop_intraday"
"BUY","2024-04-09","EXC",691,35.199674088068605,
"SELL","2024-04-10","EXC",691,34.134608772439016,"atr_trailing_stop_intraday"
"BUY","2024-04-12","AMZN",128,187.81386122131346,
"SELL","2024-04-17","FANG",204,189.00110413904713,"atr_trailing_stop_intraday"
"SELL","2024-04-18","MU",272,112.1723808312331,"atr_trailing_stop_intraday"
"SELL","2024-04-19","NFLX",633,56.759604200363164,"atr_trailing_stop_gap_down"
"SELL","2024-04-19","AMZN",128,177.8103368993487,"atr_trailing_stop_intraday"
"BUY","2024-04-22","KHC",661,33.97420036763782,
"BUY","2024-04-23","AZN",222,135.7282317189252,
"BUY","2024-04-23","IRDM",854,26.568069263028118,
"BUY","2024-04-24","XEL",601,50.84241453508469,
"SELL","2024-04-24","KHC",661,33.48377666604592,"atr_trailing_stop_gap_down"
"BUY","2024-04-25","JD",1410,27.347825579132778,
"SELL","2024-04-30","HUBS",37,616.1857018258232,"atr_trailing_stop_intraday"
"BUY","2024-05-01","ZBRA",90,311.76579034423827,
"SELL","2024-05-01","XEL",601,49.77220754878716,"atr_trailing_stop_gap_down"
"BUY","2024-05-03","QCOM",172,174.65711528801947,
"SELL","2024-05-08","IRDM",854,28.499289201811806,"atr_trailing_stop_intraday"
"BUY","2024-05-09","CEG",120,203.10503316981143,
"SELL","2024-05-23","JD",1410,30.875986625643552,"atr_trailing_stop_intraday"
"BUY","2024-05-24","NVDA",394,104.44227341659013,
"SELL","2024-05-28","AZN",222,148.72456665564877,"atr_trailing_stop_intraday"
"BUY","2024-05-29","MU",274,129.15901848171222,
"SELL","2024-05-31","ZBRA",90,312.88705513327466,"atr_trailing_stop_intraday"
"SELL","2024-05-31","QCOM",172,193.24481957923663,"atr_trailing_stop_intraday"
"SELL","2024-05-31","CEG",120,208.54838841543955,"atr_trailing_stop_intraday"
"SELL","2024-05-31","MU",274,120.28353985699889,"atr_trailing_stop_intraday"
"BUY","2024-06-04","SBUX",315,78.41615824180444,
"BUY","2024-06-05","AZN",267,154.9610711971812,
"BUY","2024-06-05","VRSK",129,255.70417037370748,
"BUY","2024-06-05","EA",150,135.88666262285997,
"SELL","2024-06-11","SBUX",315,76.22780556392485,"atr_trailing_stop_intraday"
"BUY","2024-06-12","AVGO",163,147.07082770549133,
"SELL","2024-06-21","AVGO",163,161.79487806376875,"atr_trailing_stop_intraday"
"BUY","2024-06-24","AMZN",139,189.4246668319702,
"SELL","2024-06-24","NVDA",394,123.11901225649892,"atr_trailing_stop_gap_down"
"BUY","2024-06-25","FICO",23,1446.092680114746,
"SELL","2024-07-01","EA",150,136.13040970051324,"atr_trailing_stop_intraday"
"BUY","2024-07-02","ANET",400,89.38217027664184,
"SELL","2024-07-02","AZN",267,148.83800019661237,"atr_trailing_stop_gap_down"
"BUY","2024-07-03","TSLA",169,234.67727755737303,
"SELL","2024-07-12","TSLA",169,235.6014265943255,"atr_trailing_stop_intraday"
"BUY","2024-07-15","AOSL",944,42.30113877868652,
"SELL","2024-07-17","AMZN",139,189.76399703734262,"atr_trailing_stop_intraday"
"SELL","2024-07-17","ANET",400,87.14149275398255,"atr_trailing_stop_intraday"
"BUY","2024-07-18","GFS",592,59.099534694671625,
"BUY","2024-07-18","AEP",299,87.78883762474885,
"SELL","2024-07-23","GFS",592,55.11974858488356,"atr_trailing_stop_intraday"
"BUY","2024-07-24","KTOS",1457,22.391189160346983,
"SELL","2024-07-24","FICO",23,1559.3517525896345,"atr_trailing_stop_intraday"
"BUY","2024-07-25","CHKP",190,178.92941633605957,
"SELL","2024-07-26","VRSK",129,269.418883250818,"atr_trailing_stop_intraday"
"BUY","2024-07-29","BKR",952,36.44101290876762,
"SELL","2024-07-30","AOSL",944,40.27199570723943,"atr_trailing_stop_intraday"
"BUY","2024-07-31","VRSK",147,271.8210069235553,
"SELL","2024-07-31","VRSK",147,257.793765073987,"atr_trailing_stop_intraday"
"BUY","2024-08-01","EA",225,149.5814941777765,
"SELL","2024-08-02","KTOS",1457,20.821724988256182,"atr_trailing_stop_intraday"
"SELL","2024-08-02","BKR",952,35.25550105074457,"atr_trailing_stop_intraday"
"BUY","2024-08-05","XEL",559,58.53814107110888,
"BUY","2024-08-05","AZN",215,152.01254130747853,
"SELL","2024-08-05","AEP",299,93.49687942233831,"atr_trailing_stop_intraday"
"SELL","2024-08-05","CHKP",190,173.5331851196289,"atr_trailing_stop_gap_down"
"SELL","2024-08-05","XEL",559,55.41821090823204,"atr_trailing_stop_intraday"
"BUY","2024-08-06","DASH",130,122.55124286270141,
"BUY","2024-08-07","BR",188,212.739261346675,
"BUY","2024-08-08","FTNT",555,69.75486122131348,
"SELL","2024-09-03","EA",225,146.06881244730658,"atr_trailing_stop_intraday"
"SELL","2024-09-03","AZN",215,165.45739785394386,"atr_trailing_stop_intraday"
"BUY","2024-09-04","XEL",558,59.43654089941289,
"BUY","2024-09-05","AEP",339,97.88407102909049,
"SELL","2024-09-06","DASH",130,122.32701128932408,"atr_trailing_stop_intraday"
"BUY","2024-09-10","PLTR",516,34.82740637397766,
"SELL","2024-09-12","FTNT",555,73.87733151272366,"atr_trailing_stop_intraday"
"BUY","2024-09-13","MELI",19,2138.0284409179685,
"SELL","2024-09-19","AEP",339,96.14478812775604,"atr_trailing_stop_intraday"
"BUY","2024-09-20","NOW",179,184.17604163360593,
"SELL","2024-09-26","NOW",179,175.79205398668563,"atr_trailing_stop_intraday"
"BUY","2024-09-27","JD",820,38.397743625206786,
"SELL","2024-10-02","MELI",19,1992.2233607177736,"atr_trailing_stop_gap_down"
"BUY","2024-10-03","BIDU",348,108.66430561065673,
"SELL","2024-10-04","XEL",558,60.56508856219081,"atr_trailing_stop_intraday"
"BUY","2024-10-07","CEG",119,282.7309018458774,
"SELL","2024-10-14","BIDU",348,100.27411764526367,"atr_trailing_stop_intraday"
"BUY","2024-10-15","DASH",233,150.075,
"SELL","2024-10-15","JD",820,39.30562679774369,"atr_trailing_stop_intraday"
"BUY","2024-10-16","MRVL",408,79.14500686388409,
"SELL","2024-10-25","BR",188,208.63933827963234,"atr_trailing_stop_intraday"
"BUY","2024-10-28","HUBS",57,569.2845,
"SELL","2024-10-31","PLTR",516,40.97635771642413,"atr_trailing_stop_intraday"
"SELL","2024-10-31","DASH",233,154.7538047441755,"atr_trailing_stop_intraday"
"BUY","2024-11-01","BKNG",8,4618.671757322121,
"BUY","2024-11-01","DASH",173,155.98795866394042,
"SELL","2024-11-04","CEG",119,230.4183560775903,"atr_trailing_stop_gap_down"
"BUY","2024-11-05","TWLO",314,87.54374999999999,
"SELL","2024-11-18","HUBS",57,667.7064896501814,"atr_trailing_stop_intraday"
"BUY","2024-11-19","NFLX",453,84.01698597335815,
"SELL","2024-12-10","MRVL",408,105.14241601780449,"atr_trailing_stop_intraday"
"BUY","2024-12-11","GOOG",204,185.93797061146353,
"SELL","2024-12-18","BKNG",8,5002.452913366311,"atr_trailing_stop_intraday"
"SELL","2024-12-18","DASH",173,170.0420770198277,"atr_trailing_stop_intraday"
"SELL","2024-12-18","TWLO",314,105.74981285449438,"atr_trailing_stop_intraday"
"SELL","2024-12-18","GOOG",204,190.20639305724436,"atr_trailing_stop_intraday"
"BUY","2024-12-24","TSM",185,202.7126603045861,
"BUY","2024-12-26","PLTR",567,83.20158366394043,
"SELL","2025-01-06","NFLX",453,87.63230884252276,"atr_trailing_stop_intraday"
"BUY","2025-01-07","ANET",385,119.74984744262694,
"BUY","2025-01-07","KTOS",1545,29.894939160346983,
"BUY","2025-01-07","NVDA",59,153.05635189768088,
"SELL","2025-01-08","PLTR",567,67.40906850024633,"atr_trailing_stop_intraday"
"SELL","2025-01-08","NVDA",59,139.46245512153232,"atr_trailing_stop_intraday"
"BUY","2025-01-10","EBAY",515,67.48375302013355,
"BUY","2025-01-10","GEHC",138,85.23170677802253,
"SELL","2025-01-10","TSM",185,202.41136908449286,"atr_trailing_stop_intraday"
"BUY","2025-01-13","CEG",126,295.5893807380664,
"SELL","2025-01-23","EBAY",515,62.58963816328491,"atr_trailing_stop_intraday"
"BUY","2025-01-24","NOW",142,228.3381110229492,
"SELL","2025-01-27","ANET",385,109.56519274520875,"atr_trailing_stop_gap_down"
"SELL","2025-01-27","CEG",126,287.10885853611876,"atr_trailing_stop_intraday"
"BUY","2025-01-28","HUBS",55,766.7031673278808,
"BUY","2025-01-28","NET",281,128.8944168319702,
"SELL","2025-01-30","NOW",142,205.32128397369385,"atr_trailing_stop_gap_down"
"BUY","2025-01-31","SHOP",244,119.66980561065674,
"SELL","2025-02-10","GEHC",138,86.82660416623487,"atr_trailing_stop_intraday"
"BUY","2025-02-11","PLTR",102,116.55824999999999,
"SELL","2025-02-12","KTOS",1545,31.043754023415705,"atr_trailing_stop_intraday"
"BUY","2025-02-13","META",62,718.9960932125014,
"SELL","2025-02-19","HUBS",55,781.112470173427,"atr_trailing_stop_intraday"
"BUY","2025-02-20","LRCX",496,89.10125959819148,
"SELL","2025-02-20","NET",281,152.82790899930683,"atr_trailing_stop_intraday"
"SELL","2025-02-20","PLTR",102,102.85854866027833,"atr_trailing_stop_gap_down"
"BUY","2025-02-21","ADI",180,240.32429241978537,
"BUY","2025-02-21","STM",448,27.740477711782322,
"SELL","2025-02-21","META",62,684.2964507165646,"atr_trailing_stop_intraday"
"BUY","2025-02-24","MELI",18,2281.320021606445,
"SELL","2025-02-24","SHOP",244,112.21957647214619,"atr_trailing_stop_intraday"
"SELL","2025-02-24","LRCX",496,82.59341740745877,"atr_trailing_stop_intraday"
"BUY","2025-02-25","AZN",275,149.29049531585673,
"BUY","2025-02-25","EXC",681,42.08397193215576,
"SELL","2025-02-26","STM",448,25.6486234059432,"atr_trailing_stop_intraday"
"BUY","2025-02-27","INTU",18,621.0975297696589,
"SELL","2025-02-27","ADI",180,221.130951370729,"atr_trailing_stop_intraday"
"SELL","2025-02-28","MELI",18,2092.9337661089216,"atr_trailing_stop_intraday"
"BUY","2025-03-03","SBUX",282,112.98064696938928,
"BUY","2025-03-03","XEL",461,69.14188967561961,
"SELL","2025-03-04","SBUX",282,109.00227204046945,"atr_trailing_stop_intraday"
"BUY","2025-03-05","OKTA",361,108.69431938934325,
"SELL","2025-03-05","XEL",461,66.72839242100551,"atr_trailing_stop_gap_down"
"BUY","2025-03-06","JD",835,43.470795761931385,
"SELL","2025-03-06","EXC",681,41.53517719964319,"atr_trailing_stop_intraday"
"BUY","2025-03-07","FAST",619,37.94725704212457,
"SELL","2025-03-11","AZN",275,148.3750286278026,"market_signal_red"
"SELL","2025-03-10","INTU",18,574.1963031913418,"atr_trailing_stop_intraday"
"SELL","2025-03-11","OKTA",361,105.44725000000001,"market_signal_red"
"SELL","2025-03-11","JD",835,40.339955623359835,"market_signal_red"
"SELL","2025-03-11","FAST",619,39.00574046137666,"market_signal_red"
"BUY","2025-03-25","MNST",524,57.85891683197021,
"BUY","2025-03-25","FANG",192,157.77549832219424,
"BUY","2025-03-25","PD",1559,19.46972908401489,
"BUY","2025-03-25","AMD",267,113.32663164138793,
"BUY","2025-03-25","CDNS",113,267.28356889343263,
"SELL","2025-03-27","MNST",524,57.8110801525116,"market_signal_red"
"SELL","2025-03-27","FANG",192,158.24047260923905,"market_signal_red"
"SELL","2025-03-27","PD",1559,19.310339694976808,"market_signal_red"
"SELL","2025-03-27","AMD",267,106.0569456100464,"market_signal_red"
"SELL","2025-03-27","CDNS",113,261.84902098083495,"market_signal_red"
"BUY","2025-05-13","MELI",7,2505.8624124755856,
"BUY","2025-05-13","OKTA",149,124.32213213729858,
"BUY","2025-05-13","ZS",77,240.14001427459715,
"BUY","2025-05-13","MCHP",314,59.20982238210459,
"BUY","2025-05-13","MSFT",41,444.60022789111923,
"SELL","2025-05-28","OKTA",149,109.09542652511597,"atr_trailing_stop_gap_down"
"BUY","2025-05-29","AVGO",150,244.0554785870448,
"SELL","2025-06-06","MELI",7,2448.877243774414,"atr_trailing_stop_intraday"
"BUY","2025-06-09","JCI",375,102.60156578977018,
"SELL","2025-06-09","AVGO",150,241.05666285596024,"atr_trailing_stop_intraday"
"BUY","2025-06-10","KLAC",46,825.4435278515989,
"SELL","2025-06-20","KLAC",46,843.7608566673294,"atr_trailing_stop_intraday"
"BUY","2025-06-23","MU",314,123.43636953637113,
"SELL","2025-07-11","ZS",77,295.2414525037493,"atr_trailing_stop_intraday"
"BUY","2025-07-14","ANET",341,108.27911097335814,
"SELL","2025-07-14","MU",314,117.21279440202325,"atr_trailing_stop_intraday"
"BUY","2025-07-15","PLTR",247,149.00445767211914,
"SELL","2025-07-23","MCHP",314,68.72114655731588,"atr_trailing_stop_intraday"
"BUY","2025-07-24","ZBRA",64,334.87734645080565,
"SELL","2025-07-29","JCI",375,106.17940231258723,"atr_trailing_stop_gap_down"
"BUY","2025-07-30","AVGO",135,295.6031766451966,
"SELL","2025-08-01","MSFT",41,525.9464772271795,"atr_trailing_stop_intraday"
"SELL","2025-08-01","ANET",341,115.98012190764292,"atr_trailing_stop_intraday"
"SELL","2025-08-01","ZBRA",64,327.5832773906163,"atr_trailing_stop_intraday"
"SELL","2025-08-01","AVGO",135,279.99894110346264,"atr_trailing_stop_intraday"
"BUY","2025-08-04","MPWR",50,789.0878383659284,
"BUY","2025-08-05","DASH",156,258.0889714508057,
"BUY","2025-08-05","IDXX",59,676.8182204589843,
"BUY","2025-08-05","CEG",1,350.9084507767271,
"SELL","2025-08-08","DASH",156,255.8337925769261,"atr_trailing_stop_intraday"
"BUY","2025-08-11","KTOS",605,65.9829719467163,
"SELL","2025-08-19","PLTR",247,169.92685124043055,"atr_trailing_stop_intraday"
"SELL","2025-08-19","CEG",1,312.98869955938596,"atr_trailing_stop_intraday"
"BUY","2025-08-20","FAST",637,49.46277999187095,
"SELL","2025-08-20","KTOS",605,60.870975329807834,"atr_trailing_stop_intraday"
"BUY","2025-08-21","AZN",200,159.2204874870874,
"BUY","2025-08-21","ADI",65,241.54819346303458,
"SELL","2025-09-04","ADI",65,239.43445789570683,"atr_trailing_stop_intraday"
"BUY","2025-09-05","GOOG",67,232.25320958807404,
"SELL","2025-09-05","FAST",637,47.85941913249284,"atr_trailing_stop_intraday"
"BUY","2025-09-08","ANET",212,143.8719030532837,
"SELL","2025-09-12","AZN",200,157.73867156809726,"atr_trailing_stop_intraday"
"SELL","2025-09-12","ANET",212,142.07671074948993,"atr_trailing_stop_intraday"
"BUY","2025-09-15","MU",249,156.81095468924136,
"BUY","2025-09-15","BIDU",197,114.99747244262694,
"SELL","2025-09-23","BIDU",197,125.24949406269619,"atr_trailing_stop_intraday"
"BUY","2025-09-24","TSM",88,278.9091913519768,
"SELL","2025-09-24","IDXX",59,621.3063266165598,"atr_trailing_stop_intraday"
"BUY","2025-09-25","XEL",425,77.03076743020239,
"SELL","2025-10-10","GOOG",67,238.49724003713123,"atr_trailing_stop_intraday"
"BUY","2025-10-13","MNST",290,69.02449286270141,
"SELL","2025-10-28","XEL",425,78.40249489525364,"atr_trailing_stop_intraday"
"BUY","2025-10-29","AVGO",89,371.8834503835273,
"SELL","2025-10-29","MNST",290,67.430554388455,"atr_trailing_stop_intraday"
"BUY","2025-10-30","GOOG",68,291.47021046732,
"SELL","2025-10-31","MPWR",50,987.5926421061399,"atr_trailing_stop_intraday"
"BUY","2025-11-03","SNOW",165,277.86887599182126,
"SELL","2025-11-07","TSM",88,283.1936131989268,"atr_trailing_stop_intraday"
"SELL","2025-11-07","AVGO",89,342.85335198153456,"atr_trailing_stop_intraday"
"SELL","2025-11-07","SNOW",165,254.9730269295829,"atr_trailing_stop_intraday"
"BUY","2025-11-10","FROG",747,60.61029183197021,
"BUY","2025-11-10","CSIQ",1507,30.035010457992552,
"BUY","2025-11-11","DDOG",52,198.74931889343262,
"SELL","2025-11-17","FROG",747,56.71484231907981,"atr_trailing_stop_intraday"
"BUY","2025-11-18","AEP",282,123.50567888656064,
"SELL","2025-11-18","DDOG",52,177.33322179903303,"atr_trailing_stop_intraday"
"BUY","2025-11-19","WBD",715,23.661824618339537,
"SELL","2025-11-19","MU",249,217.33634048575072,"atr_trailing_stop_intraday"
"SELL","2025-11-19","CSIQ",1507,25.447269084930422,"atr_trailing_stop_gap_down"
"BUY","2025-11-24","BIIB",229,177.7388188934326,
"BUY","2025-11-24","ROST",236,172.69542920864876,
"SELL","2025-11-24","AEP",282,119.13494672892291,"atr_trailing_stop_intraday"
"BUY","2025-11-25","GOOGL",126,325.93030485538037,
"SELL","2025-12-18","WBD",715,27.680795562948504,"atr_trailing_stop_intraday"
"BUY","2025-12-19","LULU",108,215.09750049591062,
"SELL","2026-01-13","BIIB",229,177.47907081767494,"atr_trailing_stop_intraday"
"BUY","2026-01-14","KTOS",343,118.55924999999999,
"SELL","2026-01-20","GOOG",68,320.85332438468197,"atr_trailing_stop_gap_down"
"SELL","2026-01-20","GOOGL",126,320.3512672812033,"atr_trailing_stop_intraday"
"SELL","2026-01-20","LULU",108,198.11375912421093,"atr_trailing_stop_intraday"
"BUY","2026-01-21","GFS",967,44.39218393135071,
"BUY","2026-01-21","MNST",500,81.36065969467163,
"BUY","2026-01-21","MRNA",1,43.52175,
"SELL","2026-01-22","KTOS",343,111.58346476418632,"atr_trailing_stop_intraday"
"BUY","2026-01-23","MU",96,397.1917296829318,
"SELL","2026-01-23","MRNA",1,47.256182506459105,"atr_trailing_stop_intraday"
"BUY","2026-01-27","BKR",3,56.21613386474356,
"SELL","2026-01-27","ROST",236,185.4201424349097,"atr_trailing_stop_intraday"
"BUY","2026-01-28","ASML",28,1491.7788118021258,
"SELL","2026-01-30","GFS",967,41.927952734538486,"atr_trailing_stop_intraday"
"BUY","2026-02-03","GOOG",118,348.44381042581796,
"SELL","2026-02-04","MU",96,386.9130991218974,"atr_trailing_stop_intraday"
"SELL","2026-02-04","ASML",28,1355.2578372462308,"atr_trailing_stop_intraday"
"BUY","2026-02-05","FANG",235,165.03647606612859,
"BUY","2026-02-05","ODFL",188,199.84092523474493,
"SELL","2026-02-05","GOOG",118,312.8230395223217,"atr_trailing_stop_gap_down"
"BUY","2026-02-06","ALGN",208,177.97894438934324,
"SELL","2026-02-12","ODFL",188,185.21996527045854,"atr_trailing_stop_intraday"
"BUY","2026-02-13","IRDM",1561,22.35553210831905,
"SELL","2026-02-23","ALGN",208,176.3175185312544,"atr_trailing_stop_intraday"
"BUY","2026-02-24","XEL",379,82.75001378472331,
"SELL","2026-03-02","MNST",500,82.3716511718205,"atr_trailing_stop_intraday"
"BUY","2026-03-03","NFLX",246,96.05800713729857,
"SELL","2026-03-04","BKR",3,61.65225110126209,"atr_trailing_stop_intraday"
"BUY","2026-03-05","ROST",109,211.1470275824233,
"SELL","2026-03-12","XEL",379,79.61108019174617,"atr_trailing_stop_intraday"
"BUY","2026-03-17","MU",66,452.57614772809814,
"SELL","2026-03-20","FANG",235,190.21484255981446,"market_signal_red"
"SELL","2026-03-20","IRDM",1561,26.416785305023193,"market_signal_red"
"SELL","2026-03-19","NFLX",246,93.10342543574741,"atr_trailing_stop_intraday"
"SELL","2026-03-20","ROST",109,209.43522328948976,"market_signal_red"
"SELL","2026-03-20","MU",66,443.51173822972083,"market_signal_red"