"ticker","entryDate","exitDate","holdingPeriod","totalCost","totalProceeds","profitLoss","profitLossPercent","reason"
"TSM","2019-10-14","2019-11-11",28,"24955.38","26338.97","1383.59","5.54","atr_trailing_stop_intraday"
"SWKS","2019-10-11","2019-11-13",33,"19945.52","22136.97","2191.45","10.99","atr_trailing_stop_gap_down"
"TER","2019-10-14","2019-11-21",38,"24940.87","25743.20","802.33","3.22","atr_trailing_stop_intraday"
"KLAC","2019-11-14","2019-11-21",7,"22149.07","20956.54","-1192.53","-5.38","atr_trailing_stop_gap_down"
"ASML","2019-10-14","2019-12-03",50,"24733.94","25133.62","399.68","1.62","atr_trailing_stop_gap_down"
"DOCU","2019-11-22","2019-12-03",11,"26375.68","25365.49","-1010.19","-3.83","atr_trailing_stop_intraday"
"CPRT","2019-11-22","2019-12-03",11,"20310.39","20118.28","-192.10","-0.95","atr_trailing_stop_intraday"
"MRNA","2019-12-04","2019-12-06",2,"21535.76","19713.52","-1822.25","-8.46","atr_trailing_stop_intraday"
"DXCM","2019-11-12","2019-12-11",29,"26334.32","27451.57","1117.25","4.24","atr_trailing_stop_intraday"
"UMC","2019-12-04","2019-12-31",27,"16165.61","16775.40","609.79","3.77","atr_trailing_stop_gap_down"
"QRVO","2019-12-12","2020-01-06",25,"26180.36","25699.70","-480.66","-1.84","atr_trailing_stop_gap_down"
"TSM","2019-12-09","2020-01-07",29,"26234.98","27367.33","1132.34","4.32","atr_trailing_stop_intraday"
"FANG","2020-01-02","2020-01-13",11,"21619.61","21210.21","-409.40","-1.89","atr_trailing_stop_intraday"
"ALGN","2020-01-07","2020-01-14",7,"26889.92","26571.85","-318.07","-1.18","atr_trailing_stop_intraday"
"STM","2019-10-14","2020-01-27",105,"5414.47","7409.25","1994.78","36.84","atr_trailing_stop_intraday"
"SHOP","2019-12-04","2020-01-27",54,"16143.07","20624.96","4481.90","27.76","atr_trailing_stop_gap_down"
"MU","2020-01-08","2020-01-27",19,"27094.36","25697.37","-1396.98","-5.16","atr_trailing_stop_gap_down"
"JD","2020-01-14","2020-01-27",13,"26965.45","24892.71","-2072.74","-7.69","atr_trailing_stop_gap_down"
"TSLA","2020-01-15","2020-02-03",19,"26571.91","33757.44","7185.52","27.04","atr_trailing_stop_gap_down"
"TWLO","2020-02-04","2020-02-06",2,"29613.33","27362.51","-2250.82","-7.60","atr_trailing_stop_gap_down"
"ENPH","2020-02-07","2020-02-19",12,"27943.97","34902.39","6958.42","24.90","atr_trailing_stop_gap_down"
"AEP","2020-01-30","2020-02-21",22,"8633.52","8612.63","-20.89","-0.24","atr_trailing_stop_intraday"
"MDB","2020-01-30","2020-02-24",25,"26908.33","26237.08","-671.24","-2.49","atr_trailing_stop_gap_down"
"META","2020-01-30","2020-02-24",25,"21527.56","21013.50","-514.05","-2.39","atr_trailing_stop_gap_down"
"RMBS","2020-01-30","2020-02-24",25,"21549.87","20482.09","-1067.77","-4.95","atr_trailing_stop_gap_down"
"MELI","2020-02-20","2020-02-24",4,"31955.94","28878.24","-3077.70","-9.63","atr_trailing_stop_intraday"
"ENPH","2020-02-24","2020-02-27",3,"15128.99","13320.60","-1808.39","-11.95","atr_trailing_stop_intraday"
"NET","2020-02-27","2020-02-28",1,"27746.82","28229.17","482.35","1.74","market_signal_red"
"MRNA","2020-02-27","2020-02-27",0,"22184.93","18834.77","-3350.15","-15.10","atr_trailing_stop_intraday"
"JD","2020-03-03","2020-03-04",1,"13366.66","13025.29","-341.37","-2.55","market_signal_red"
"NET","2020-03-05","2020-03-06",1,"13336.85","13677.93","341.08","2.56","market_signal_red"
"EA","2020-03-05","2020-03-06",1,"10640.90","10335.11","-305.79","-2.87","market_signal_red"
"ROK","2020-05-28","2020-06-11",14,"13169.19","12645.34","-523.85","-3.98","atr_trailing_stop_gap_down"
"ODFL","2020-05-28","2020-06-11",14,"13342.90","12619.46","-723.44","-5.42","atr_trailing_stop_intraday"
"CSCO","2020-05-28","2020-06-11",14,"13329.69","13012.57","-317.12","-2.38","atr_trailing_stop_intraday"
"TER","2020-05-28","2020-06-11",14,"10652.33","11152.61","500.28","4.70","atr_trailing_stop_intraday"
"KTOS","2020-05-28","2020-06-11",14,"10661.33","10097.99","-563.34","-5.28","atr_trailing_stop_gap_down"
"MELI","2020-06-15","2020-06-29",14,"12408.24","13577.41","1169.17","9.42","market_signal_red"
"DDOG","2020-06-16","2020-06-29",13,"13132.96","13596.40","463.43","3.53","market_signal_red"
"NET","2020-06-16","2020-06-29",13,"13205.10","14800.06","1594.96","12.08","market_signal_red"
"ZM","2020-06-16","2020-06-29",13,"12985.94","14016.34","1030.40","7.93","market_signal_red"
"DOCU","2020-06-16","2020-06-29",13,"13201.80","14092.15","890.35","6.74","market_signal_red"
"TSLA","2020-07-01","2020-07-13",12,"13724.86","18962.80","5237.94","38.16","atr_trailing_stop_intraday"
"SHOP","2020-07-01","2020-07-14",13,"13753.02","13547.88","-205.14","-1.49","atr_trailing_stop_intraday"
"FIVN","2020-07-01","2020-07-14",13,"13685.67","13317.24","-368.43","-2.69","atr_trailing_stop_intraday"
"WIX","2020-07-01","2020-07-24",23,"13702.58","13966.99","264.42","1.93","atr_trailing_stop_gap_down"
"ALGN","2020-07-15","2020-07-30",15,"29456.16","28096.82","-1359.34","-4.61","atr_trailing_stop_intraday"
"CMCSA","2020-07-15","2020-07-30",15,"17671.59","18651.43","979.84","5.54","atr_trailing_stop_intraday"
"CDNS","2020-07-01","2020-09-03",64,"13691.94","15716.01","2024.07","14.78","atr_trailing_stop_intraday"
"MPWR","2020-07-31","2020-09-03",34,"29519.96","28565.80","-954.16","-3.23","atr_trailing_stop_intraday"
"AMD","2020-07-31","2020-09-03",34,"27312.14","29416.09","2103.95","7.70","atr_trailing_stop_intraday"
"KTOS","2020-07-27","2020-09-21",56,"29628.68","30625.22","996.55","3.36","atr_trailing_stop_intraday"
"FANUY","2020-09-08","2020-09-21",13,"9029.83","9048.51","18.68","0.21","atr_trailing_stop_intraday"
"WBD","2020-09-11","2020-09-21",10,"18175.24","17883.40","-291.85","-1.61","atr_trailing_stop_intraday"
"TSM","2020-07-14","2020-09-23",71,"14636.66","17467.15","2830.49","19.34","atr_trailing_stop_intraday"
"CTSH","2020-09-15","2020-09-24",9,"30850.33","29355.08","-1495.25","-4.85","atr_trailing_stop_gap_down"
"DDOG","2020-09-23","2020-09-30",7,"24294.86","23990.88","-303.98","-1.25","atr_trailing_stop_gap_down"
"YASKY","2020-09-22","2020-10-12",20,"17989.99","18831.74","841.75","4.68","atr_trailing_stop_gap_down"
"NET","2020-09-29","2020-10-12",13,"23362.16","26750.78","3388.62","14.50","atr_trailing_stop_gap_down"
"UMC","2020-09-29","2020-10-16",17,"24068.51","26384.63","2316.12","9.62","atr_trailing_stop_intraday"
"ZM","2020-09-23","2020-10-21",28,"30363.55","32459.98","2096.42","6.90","atr_trailing_stop_intraday"
"NOW","2020-10-19","2020-10-26",7,"26440.50","24724.43","-1716.07","-6.49","atr_trailing_stop_intraday"
"JCI","2020-10-22","2020-10-26",4,"25565.40","24833.80","-731.60","-2.86","atr_trailing_stop_intraday"
"TSM","2020-10-13","2020-10-28",15,"33898.24","31521.38","-2376.86","-7.01","atr_trailing_stop_intraday"
"HUBS","2020-10-13","2020-10-28",15,"11597.80","10579.06","-1018.73","-8.78","atr_trailing_stop_intraday"
"AEP","2020-10-27","2020-10-29",2,"12667.74","12134.60","-533.14","-4.21","atr_trailing_stop_intraday"
"CSIQ","2020-10-01","2020-10-30",29,"23964.05","24728.07","764.03","3.19","atr_trailing_stop_intraday"
"IDXX","2020-10-28","2020-10-30",2,"12172.08","11732.88","-439.20","-3.61","atr_trailing_stop_intraday"
"FIVN","2020-11-02","2020-11-09",7,"15190.23","14431.75","-758.49","-4.99","atr_trailing_stop_intraday"
"BKR","2020-11-02","2020-12-14",42,"9195.83","13419.94","4224.11","45.94","atr_trailing_stop_intraday"
"FANUY","2020-10-30","2020-12-21",52,"15502.55","17507.42","2004.88","12.93","atr_trailing_stop_gap_down"
"ZBRA","2020-11-04","2020-12-21",47,"12182.05","13901.05","1719.00","14.11","atr_trailing_stop_gap_down"
"ADP","2020-10-29","2021-01-04",67,"12247.18","13738.18","1491.00","12.17","atr_trailing_stop_intraday"
"FIVN","2020-12-15","2021-01-04",20,"35525.00","36714.46","1189.46","3.35","atr_trailing_stop_intraday"
"HUBS","2020-12-22","2021-01-04",13,"35857.57","33083.02","-2774.55","-7.74","atr_trailing_stop_intraday"
"ZS","2020-12-22","2021-01-06",15,"14163.18","13100.12","-1063.06","-7.51","atr_trailing_stop_intraday"
"MU","2020-11-10","2021-01-27",78,"31577.35","43903.42","12326.06","39.03","atr_trailing_stop_intraday"
"ASML","2021-01-05","2021-01-27",22,"34926.55","37215.39","2288.84","6.55","atr_trailing_stop_intraday"
"TSLA","2021-01-05","2021-01-29",24,"13515.07","14568.02","1052.94","7.79","atr_trailing_stop_intraday"
"MRNA","2021-01-28","2021-02-01",4,"14647.29","15078.59","431.30","2.94","atr_trailing_stop_intraday"
"BIIB","2021-02-01","2021-02-03",2,"11050.32","10412.64","-637.68","-5.77","atr_trailing_stop_intraday"
"TSM","2021-01-05","2021-02-23",49,"35166.78","40347.78","5181.00","14.73","atr_trailing_stop_gap_down"
"WBD","2021-01-28","2021-02-23",26,"14693.80","17228.45","2534.65","17.25","atr_trailing_stop_intraday"
"STM","2021-02-02","2021-02-23",21,"18515.75","17618.34","-897.40","-4.85","atr_trailing_stop_intraday"
"MU","2021-02-25","2021-03-04",7,"39025.37","35871.78","-3153.59","-8.08","atr_trailing_stop_intraday"
"ZBRA","2021-02-24","2021-03-05",9,"38530.20","36663.83","-1866.36","-4.84","atr_trailing_stop_intraday"
"BKR","2021-02-25","2021-03-05",8,"30261.54","27284.24","-2977.30","-9.84","atr_trailing_stop_intraday"
"FANG","2021-01-07","2021-03-23",75,"13185.63","16642.99","3457.36","26.22","atr_trailing_stop_gap_down"
"WBD","2021-03-05","2021-03-23",18,"29944.56","32139.81","2195.25","7.33","atr_trailing_stop_intraday"
"ROK","2021-03-09","2021-04-07",29,"30058.40","30073.43","15.04","0.05","atr_trailing_stop_intraday"
"AEP","2021-03-24","2021-04-22",29,"20723.17","21538.15","814.98","3.93","atr_trailing_stop_intraday"
"ADP","2021-04-23","2021-04-28",5,"21388.88","20911.74","-477.14","-2.23","atr_trailing_stop_intraday"
"JCI","2021-03-08","2021-04-30",53,"38053.82","39196.61","1142.79","3.00","atr_trailing_stop_intraday"
"GOOG","2021-02-04","2021-05-04",89,"29666.85","33534.43","3867.58","13.04","atr_trailing_stop_intraday"
"GOOGL","2021-04-08","2021-05-04",26,"30103.96","30527.25","423.29","1.41","atr_trailing_stop_intraday"
"FIVN","2021-05-03","2021-05-04",1,"31759.47","28943.92","-2815.55","-8.87","atr_trailing_stop_intraday"
"FANG","2021-04-29","2021-05-11",12,"21061.25","19215.71","-1845.54","-8.76","atr_trailing_stop_intraday"
"PAYX","2021-05-05","2021-05-11",6,"22921.14","22481.20","-439.94","-1.92","atr_trailing_stop_intraday"
"XEL","2021-03-24","2021-05-12",49,"29777.59","32086.62","2309.03","7.75","atr_trailing_stop_intraday"
"ODFL","2021-05-05","2021-05-12",7,"38232.12","37223.45","-1008.67","-2.64","atr_trailing_stop_intraday"
"BIIB","2021-05-14","2021-05-25",11,"22528.86","22160.34","-368.52","-1.64","atr_trailing_stop_intraday"
"AZN","2021-05-14","2021-06-02",19,"30246.14","30565.99","319.85","1.06","atr_trailing_stop_gap_down"
"EXC","2021-05-19","2021-06-03",15,"30175.61","29036.41","-1139.19","-3.78","atr_trailing_stop_intraday"
"KHC","2021-05-05","2021-06-09",35,"30653.13","31415.83","762.71","2.49","atr_trailing_stop_intraday"
"BKR","2021-05-18","2021-06-17",30,"30328.18","28241.55","-2086.63","-6.88","atr_trailing_stop_intraday"
"ADI","2021-05-26","2021-06-18",23,"28402.17","28253.10","-149.07","-0.52","atr_trailing_stop_intraday"
"HUBS","2021-06-18","2021-07-14",26,"29054.94","28407.67","-647.27","-2.23","atr_trailing_stop_intraday"
"NVDA","2021-06-03","2021-07-15",42,"30700.78","35237.38","4536.59","14.78","atr_trailing_stop_intraday"
"ANET","2021-06-04","2021-07-19",45,"29037.64","30121.04","1083.41","3.73","atr_trailing_stop_intraday"
"BR","2021-07-16","2021-07-19",3,"31277.93","30359.48","-918.45","-2.94","atr_trailing_stop_intraday"
"MRNA","2021-07-15","2021-07-20",5,"28380.08","34324.05","5943.96","20.94","atr_trailing_stop_intraday"
"FTNT","2021-07-21","2021-07-30",9,"40761.55","39923.78","-837.78","-2.06","atr_trailing_stop_intraday"
"PANW","2021-07-21","2021-08-06",16,"17483.26","16840.69","-642.58","-3.68","atr_trailing_stop_intraday"
"DOCU","2021-07-21","2021-08-16",26,"40653.83","38817.07","-1836.76","-4.52","atr_trailing_stop_intraday"
"INTU","2021-06-10","2021-08-25",76,"30395.04","36267.61","5872.57","19.32","atr_trailing_stop_intraday"
"ADSK","2021-08-09","2021-08-26",17,"16667.33","15852.07","-815.26","-4.89","atr_trailing_stop_gap_down"
"GOOGL","2021-08-17","2021-09-20",34,"39093.10","39170.68","77.59","0.20","atr_trailing_stop_gap_down"
"NVDA","2021-08-26","2021-09-20",25,"36320.79","34567.88","-1752.91","-4.83","atr_trailing_stop_gap_down"
"CDNS","2021-08-27","2021-09-20",24,"15838.01","15992.38","154.36","0.97","atr_trailing_stop_gap_down"
"NET","2021-09-23","2021-09-27",4,"4111.15","3688.83","-422.33","-10.27","atr_trailing_stop_intraday"
"DDOG","2021-09-23","2021-09-28",5,"42811.67","38934.46","-3877.21","-9.06","atr_trailing_stop_intraday"
"DXCM","2021-09-23","2021-09-28",5,"42730.72","39773.16","-2957.55","-6.92","atr_trailing_stop_intraday"
"MPWR","2021-08-02","2021-09-29",58,"39808.11","42726.03","2917.92","7.33","atr_trailing_stop_intraday"
"DASH","2021-06-21","2021-09-30",101,"28321.65","34545.63","6223.98","21.98","atr_trailing_stop_intraday"
"DLTR","2021-09-30","2021-10-01",1,"23969.79","22616.45","-1353.34","-5.65","atr_trailing_stop_intraday"
"TSLA","2021-09-28","2021-10-25",27,"3675.44","4433.59","758.15","20.63","atr_trailing_stop_gap_down"
"PAYX","2021-10-04","2021-11-08",35,"23856.45","25574.72","1718.27","7.20","atr_trailing_stop_intraday"
"NFLX","2021-10-06","2021-11-08",33,"40035.07","41036.44","1001.37","2.50","atr_trailing_stop_intraday"
"FANG","2021-10-04","2021-11-19",46,"39791.21","41565.59","1774.38","4.46","atr_trailing_stop_gap_down"
"ZS","2021-10-26","2021-11-22",27,"15073.77","16521.83","1448.06","9.61","atr_trailing_stop_intraday"
"SNOW","2021-11-09","2021-11-22",13,"43435.73","43447.41","11.68","0.03","atr_trailing_stop_intraday"
"MDB","2021-11-09","2021-11-22",13,"23057.12","20979.71","-2077.42","-9.01","atr_trailing_stop_intraday"
"XEL","2021-11-23","2021-11-30",7,"32670.09","31379.43","-1290.65","-3.95","atr_trailing_stop_intraday"
"DLTR","2021-11-24","2021-11-30",6,"41268.77","37689.78","-3578.98","-8.67","atr_trailing_stop_intraday"
"MRVL","2021-10-08","2021-12-02",55,"40299.86","43054.40","2754.54","6.84","atr_trailing_stop_intraday"
"LRCX","2021-11-24","2021-12-02",8,"7041.08","7106.52","65.44","0.93","atr_trailing_stop_intraday"
"NVDA","2021-11-22","2021-12-06",14,"41761.85","36004.41","-5757.43","-13.79","atr_trailing_stop_intraday"
"FAST","2021-12-07","2021-12-20",13,"31110.86","30360.55","-750.30","-2.41","atr_trailing_stop_intraday"
"MRVL","2021-12-06","2022-01-06",31,"19552.46","19217.32","-335.14","-1.71","atr_trailing_stop_intraday"
"AVGO","2021-12-21","2022-01-07",17,"35843.60","34410.87","-1432.73","-4.00","atr_trailing_stop_intraday"
"AOSL","2021-12-02","2022-01-10",39,"19889.62","20042.45","152.83","0.77","atr_trailing_stop_gap_down"
"TER","2021-12-08","2022-01-10",33,"39570.78","38309.03","-1261.76","-3.19","atr_trailing_stop_intraday"
"RMBS","2021-12-08","2022-01-10",33,"39570.58","37337.92","-2232.65","-5.64","atr_trailing_stop_intraday"
"CHKP","2022-01-11","2022-01-14",3,"22243.84","22451.75","207.91","0.93","atr_trailing_stop_intraday"
"AMAT","2022-01-18","2022-01-19",1,"37928.37","33710.75","-4217.61","-11.12","atr_trailing_stop_intraday"
"FANG","2022-01-07","2022-01-21",14,"19266.34","18505.14","-761.20","-3.95","atr_trailing_stop_gap_down"
"WBD","2022-01-10","2022-01-21",11,"30245.46","26870.22","-3375.24","-11.16","atr_trailing_stop_gap_down"
"XEL","2022-01-11","2022-01-24",13,"29635.17","29155.31","-479.86","-1.62","market_signal_red"
"BKR","2022-01-12","2022-01-24",12,"29449.94","28889.93","-560.02","-1.90","market_signal_red"
"AZN","2022-01-21","2022-01-24",3,"28138.45","27119.13","-1019.32","-3.62","market_signal_red"
"FICO","2022-02-03","2022-02-14",11,"34545.46","36034.77","1489.31","4.31","market_signal_red"
"EXC","2022-02-03","2022-02-14",11,"27810.95","27835.85","24.89","0.09","market_signal_red"
"GOOGL","2022-02-03","2022-02-11",8,"27760.00","25991.96","-1768.05","-6.37","atr_trailing_stop_intraday"
"GOOG","2022-02-03","2022-02-11",8,"27827.49","26030.93","-1796.56","-6.46","atr_trailing_stop_intraday"
"BKNG","2022-02-09","2022-02-14",5,"20397.97","19792.72","-605.25","-2.97","market_signal_red"
"MU","2022-02-16","2022-02-18",2,"34087.99","34086.37","-1.62","-0.00","market_signal_red"
"CHKP","2022-02-16","2022-02-18",2,"34116.05","34502.94","386.89","1.13","market_signal_red"
"AOSL","2022-02-16","2022-02-18",2,"34076.36","31868.51","-2207.85","-6.48","market_signal_red"
"MPWR","2022-02-16","2022-02-18",2,"27014.20","26500.40","-513.80","-1.90","market_signal_red"
"MELI","2022-02-16","2022-02-17",1,"7000.94","6192.95","-807.99","-11.54","atr_trailing_stop_intraday"
"AOSL","2022-03-23","2022-03-24",1,"33303.88","32558.07","-745.81","-2.24","market_signal_red"
"CTSH","2022-03-23","2022-03-24",1,"26653.61","26167.74","-485.87","-1.82","market_signal_red"
"CRWD","2022-03-23","2022-03-24",1,"26668.95","27486.25","817.30","3.06","market_signal_red"
"MELI","2022-03-23","2022-03-24",1,"26319.43","26641.21","321.78","1.22","market_signal_red"
"ANET","2022-03-23","2022-03-24",1,"20395.67","20564.25","168.58","0.83","market_signal_red"
"RMBS","2022-03-25","2022-04-05",11,"33361.67","30683.30","-2678.37","-8.03","atr_trailing_stop_intraday"
"AZN","2022-03-25","2022-04-07",13,"33339.37","35525.43","2186.05","6.56","market_signal_red"
"FANG","2022-03-25","2022-04-07",13,"33280.40","32167.17","-1113.23","-3.34","market_signal_red"
"PANW","2022-03-25","2022-04-07",13,"33320.65","32186.56","-1134.09","-3.40","market_signal_red"
"GOOGL","2022-03-25","2022-04-06",12,"140.82","135.20","-5.63","-3.99","atr_trailing_stop_intraday"
"XEL","2022-04-06","2022-04-07",1,"25735.69","26268.80","533.11","2.07","market_signal_red"
"AZN","2022-04-08","2022-04-11",3,"32714.06","32852.59","138.53","0.42","market_signal_red"
"CHKP","2022-04-08","2022-04-11",3,"32729.86","31922.35","-807.50","-2.47","market_signal_red"
"EXC","2022-04-08","2022-04-11",3,"32785.38","32634.96","-150.42","-0.46","market_signal_red"
"ROST","2022-12-01","2022-12-06",5,"16269.91","16247.78","-22.13","-0.14","market_signal_red"
"MCHP","2022-12-01","2022-12-06",5,"16295.37","15599.34","-696.03","-4.27","market_signal_red"
"ANET","2022-12-01","2022-12-06",5,"16288.95","15533.69","-755.26","-4.64","market_signal_red"
"SBUX","2022-12-01","2022-12-06",5,"16269.60","16490.00","220.40","1.35","market_signal_red"
"KLAC","2022-12-01","2022-12-06",5,"13030.20","12874.15","-156.05","-1.20","market_signal_red"
"MELI","2023-01-17","2023-01-19",2,"15145.35","14627.86","-517.49","-3.42","market_signal_red"
"ASML","2023-01-17","2023-01-19",2,"15824.91","15894.32","69.41","0.44","market_signal_red"
"BKNG","2023-01-17","2023-01-19",2,"15798.28","15590.80","-207.48","-1.31","market_signal_red"
"BIDU","2023-01-17","2023-01-19",2,"15992.27","14976.15","-1016.12","-6.35","market_signal_red"
"IRDM","2023-01-17","2023-01-19",2,"16107.23","15610.80","-496.43","-3.08","market_signal_red"
"HUBS","2023-01-24","2023-02-10",17,"15826.85","15883.17","56.32","0.36","atr_trailing_stop_intraday"
"TSM","2023-01-24","2023-02-15",22,"15779.15","14957.72","-821.42","-5.21","atr_trailing_stop_intraday"
"DASH","2023-01-24","2023-02-21",28,"15847.92","15363.53","-484.39","-3.06","atr_trailing_stop_intraday"
"CDW","2023-02-13","2023-02-22",9,"13024.41","12849.09","-175.32","-1.35","atr_trailing_stop_intraday"
"MPWR","2023-01-24","2023-03-10",45,"15826.59","18468.67","2642.08","16.69","market_signal_red"
"NVDA","2023-01-24","2023-03-10",45,"15843.54","19683.10","3839.56","24.23","market_signal_red"
"BKNG","2023-02-16","2023-03-10",22,"17014.41","17231.54","217.13","1.28","market_signal_red"
"PANW","2023-02-23","2023-03-10",15,"12857.03","12653.16","-203.87","-1.59","market_signal_red"
"KTOS","2023-02-27","2023-03-10",11,"16370.08","15966.72","-403.36","-2.46","market_signal_red"
"ANET","2023-03-17","2023-03-20",3,"16423.23","16380.07","-43.17","-0.26","market_signal_red"
"NVDA","2023-03-17","2023-03-20",3,"16414.30","16166.27","-248.03","-1.51","market_signal_red"
"CDNS","2023-03-17","2023-03-20",3,"16343.79","16344.82","1.04","0.01","market_signal_red"
"META","2023-03-17","2023-03-20",3,"16326.03","16140.56","-185.47","-1.14","market_signal_red"
"AMD","2023-03-17","2023-03-20",3,"16343.71","16266.56","-77.15","-0.47","market_signal_red"
"ADBE","2023-03-21","2023-03-23",2,"12768.43","12908.19","139.76","1.09","market_signal_red"
"UMC","2023-03-21","2023-03-23",2,"13091.49","13228.91","137.41","1.05","market_signal_red"
"TXN","2023-03-21","2023-03-23",2,"12938.89","12850.93","-87.96","-0.68","market_signal_red"
"CHKP","2023-03-21","2023-03-23",2,"12970.53","12546.92","-423.61","-3.27","market_signal_red"
"ANET","2023-03-22","2023-03-23",1,"16387.18","16445.05","57.87","0.35","market_signal_red"
"MU","2023-03-24","2023-04-04",11,"16343.38","15541.09","-802.29","-4.91","atr_trailing_stop_intraday"
"EA","2023-03-24","2023-04-04",11,"9772.16","10039.36","267.20","2.73","atr_trailing_stop_gap_down"
"ASML","2023-03-24","2023-04-19",26,"15980.07","15202.47","-777.61","-4.87","atr_trailing_stop_gap_down"
"FTNT","2023-03-24","2023-04-25",32,"16304.43","16846.74","542.31","3.33","atr_trailing_stop_intraday"
"INTU","2023-03-24","2023-04-25",32,"13038.44","13053.44","15.00","0.12","atr_trailing_stop_intraday"
"NOW","2023-04-05","2023-04-25",20,"16469.18","15478.03","-991.15","-6.02","atr_trailing_stop_intraday"
"GEHC","2023-04-20","2023-04-25",5,"32723.47","31974.69","-748.78","-2.29","atr_trailing_stop_gap_down"
"SBUX","2023-04-26","2023-04-26",0,"18836.30","18817.47","-18.83","-0.10","atr_trailing_stop_gap_down"
"CSGP","2023-04-27","2023-04-27",0,"25619.42","25593.82","-25.61","-0.10","atr_trailing_stop_gap_down"
"SBUX","2023-04-27","2023-05-03",6,"25663.40","25106.07","-557.32","-2.17","atr_trailing_stop_gap_down"
"MNST","2023-05-04","2023-05-25",21,"25143.39","24530.82","-612.57","-2.44","atr_trailing_stop_gap_down"
"MSFT","2023-04-27","2023-06-26",60,"31819.43","35569.65","3750.22","11.79","atr_trailing_stop_intraday"
"MDB","2023-04-27","2023-07-10",74,"25482.59","39597.35","14114.76","55.39","atr_trailing_stop_intraday"
"PANW","2023-06-28","2023-07-12",14,"35466.02","34015.24","-1450.78","-4.09","atr_trailing_stop_intraday"
"META","2023-04-05","2023-07-21",107,"16369.33","22517.48","6148.15","37.56","atr_trailing_stop_intraday"
"TTD","2023-04-28","2023-07-24",87,"28849.20","37085.30","8236.10","28.55","atr_trailing_stop_intraday"
"VRSK","2023-07-24","2023-07-31",7,"22519.07","22159.48","-359.59","-1.60","atr_trailing_stop_intraday"
"NVDA","2023-05-26","2023-08-02",68,"24543.27","28239.91","3696.64","15.06","atr_trailing_stop_intraday"
"HUBS","2023-08-01","2023-08-03",2,"26344.48","23658.85","-2685.64","-10.19","atr_trailing_stop_gap_down"
"AVGO","2023-07-13","2023-08-09",27,"34147.70","32839.97","-1307.74","-3.83","atr_trailing_stop_intraday"
"NXPI","2023-07-11","2023-08-11",31,"39512.99","39041.59","-471.39","-1.19","atr_trailing_stop_intraday"
"CEG","2023-08-04","2023-08-31",27,"23716.29","24407.54","691.25","2.91","atr_trailing_stop_intraday"
"CDW","2023-08-03","2023-09-12",40,"28657.38","30574.55","1917.17","6.69","atr_trailing_stop_intraday"
"CSCO","2023-07-25","2023-09-15",52,"32400.25","34076.11","1675.86","5.17","atr_trailing_stop_intraday"
"INTC","2023-09-13","2023-09-19",6,"30582.84","28587.92","-1994.92","-6.52","atr_trailing_stop_intraday"
"IRDM","2023-09-19","2023-09-20",1,"23897.18","23513.49","-383.69","-1.61","atr_trailing_stop_intraday"
"BKR","2023-08-10","2023-09-21",42,"32909.70","32449.95","-459.76","-1.40","atr_trailing_stop_intraday"
"BR","2023-08-14","2023-09-21",38,"31571.35","32055.72","484.37","1.53","atr_trailing_stop_intraday"
"ANET","2023-09-01","2023-09-21",20,"31858.50","29025.05","-2833.45","-8.89","atr_trailing_stop_gap_down"
"XEL","2023-09-21","2023-09-26",5,"31245.79","30070.70","-1175.10","-3.76","atr_trailing_stop_intraday"
"KHC","2023-09-22","2023-09-28",6,"23165.06","22681.42","-483.64","-2.09","atr_trailing_stop_intraday"
"BIIB","2023-10-09","2023-10-13",4,"22890.70","22507.57","-383.13","-1.67","atr_trailing_stop_intraday"
"CRWD","2023-10-09","2023-10-23",14,"38496.24","38348.82","-147.42","-0.38","market_signal_red"
"SNPS","2023-10-09","2023-10-20",11,"30435.21","30617.74","182.53","0.60","atr_trailing_stop_intraday"
"META","2023-10-09","2023-10-20",11,"30711.95","30313.33","-398.62","-1.30","atr_trailing_stop_intraday"
"PCOR","2023-10-09","2023-10-20",11,"30830.28","28838.31","-1991.96","-6.46","atr_trailing_stop_gap_down"
"FANG","2023-10-16","2023-10-23",7,"23283.52","22803.13","-480.39","-2.06","market_signal_red"
"NFLX","2023-10-25","2023-10-26",1,"30176.53","29813.03","-363.50","-1.20","market_signal_red"
"XEL","2023-11-03","2023-11-08",5,"15414.43","14671.45","-742.98","-4.82","atr_trailing_stop_intraday"
"MSFT","2023-11-03","2023-12-04",31,"37407.10","39191.14","1784.03","4.77","atr_trailing_stop_intraday"
"SNPS","2023-11-09","2023-12-04",25,"14675.82","15294.66","618.83","4.22","atr_trailing_stop_intraday"
"NOW","2023-11-03","2023-12-14",41,"37615.11","43001.23","5386.13","14.32","atr_trailing_stop_intraday"
"SHOP","2023-11-03","2024-01-02",60,"30064.75","37295.90","7231.16","24.05","atr_trailing_stop_intraday"
"DASH","2023-11-03","2024-01-02",60,"30040.06","32890.23","2850.17","9.49","atr_trailing_stop_intraday"
"KTOS","2023-12-05","2024-01-02",28,"41994.76","40773.15","-1221.61","-2.91","atr_trailing_stop_intraday"
"FIVN","2023-12-05","2024-01-03",29,"12465.36","10829.65","-1635.71","-13.12","atr_trailing_stop_intraday"
"MPWR","2023-12-15","2024-01-03",19,"42443.30","39553.41","-2889.89","-6.81","atr_trailing_stop_gap_down"
"FANG","2024-01-04","2024-01-08",4,"31913.73","30244.89","-1668.85","-5.23","atr_trailing_stop_gap_down"
"XEL","2024-01-03","2024-01-11",8,"32587.53","31585.07","-1002.46","-3.08","atr_trailing_stop_intraday"
"AZN","2024-01-03","2024-01-16",13,"32523.08","32169.17","-353.91","-1.09","atr_trailing_stop_gap_down"
"MNST","2024-01-03","2024-01-17",14,"32622.94","31445.31","-1177.63","-3.61","atr_trailing_stop_intraday"
"DDOG","2024-01-18","2024-01-24",6,"31427.16","30246.85","-1180.31","-3.76","atr_trailing_stop_intraday"
"DXCM","2024-01-09","2024-01-26",17,"38533.45","36202.11","-2331.34","-6.05","atr_trailing_stop_intraday"
"CSCO","2024-01-04","2024-01-31",27,"24023.69","24398.01","374.31","1.56","atr_trailing_stop_intraday"
"AVGO","2024-01-25","2024-01-31",6,"30265.94","28074.81","-2191.13","-7.24","atr_trailing_stop_gap_down"
"ANET","2024-01-12","2024-02-13",32,"31578.78","32284.57","705.79","2.24","atr_trailing_stop_gap_down"
"NVDA","2024-01-17","2024-02-21",35,"32170.56","38542.31","6371.75","19.81","atr_trailing_stop_intraday"
"ADP","2024-02-01","2024-02-27",26,"23040.52","23644.27","603.75","2.62","atr_trailing_stop_intraday"
"ASML","2024-02-02","2024-03-11",38,"29351.36","32461.12","3109.75","10.59","atr_trailing_stop_intraday"
"AEP","2024-02-22","2024-03-12",19,"24019.21","24161.48","142.27","0.59","atr_trailing_stop_intraday"
"GEHC","2024-02-28","2024-03-13",14,"38269.03","36112.32","-2156.71","-5.64","atr_trailing_stop_intraday"
"VEEV","2024-02-15","2024-04-02",47,"32222.05","30886.95","-1335.10","-4.14","atr_trailing_stop_gap_down"
"MRNA","2024-03-12","2024-04-03",22,"32496.24","29001.65","-3494.59","-10.75","atr_trailing_stop_intraday"
"JCI","2024-03-13","2024-04-04",22,"24187.16","25233.65","1046.49","4.33","atr_trailing_stop_intraday"
"XEL","2024-04-03","2024-04-05",2,"24655.94","24300.72","-355.22","-1.44","atr_trailing_stop_intraday"
"EXC","2024-04-09","2024-04-10",1,"24322.97","23587.01","-735.96","-3.03","atr_trailing_stop_intraday"
"FANG","2024-03-14","2024-04-17",34,"36111.44","38556.23","2444.78","6.77","atr_trailing_stop_intraday"
"MU","2024-04-04","2024-04-18",14,"35179.90","30510.89","-4669.01","-13.27","atr_trailing_stop_intraday"
"NFLX","2024-01-29","2024-04-19",81,"36184.54","35928.83","-255.71","-0.71","atr_trailing_stop_gap_down"
"AMZN","2024-04-12","2024-04-19",7,"24040.17","22759.72","-1280.45","-5.33","atr_trailing_stop_intraday"
"KHC","2024-04-22","2024-04-24",2,"22456.95","22132.78","-324.17","-1.44","atr_trailing_stop_gap_down"
"HUBS","2024-04-05","2024-04-30",25,"24803.51","22798.87","-2004.64","-8.08","atr_trailing_stop_intraday"
"XEL","2024-04-24","2024-05-01",7,"30556.29","29913.10","-643.19","-2.10","atr_trailing_stop_gap_down"
"IRDM","2024-04-23","2024-05-08",15,"22689.13","24338.39","1649.26","7.27","atr_trailing_stop_intraday"
"JD","2024-04-25","2024-05-23",28,"38560.43","43535.14","4974.71","12.90","atr_trailing_stop_intraday"
"AZN","2024-04-23","2024-05-28",35,"30131.67","33016.85","2885.19","9.58","atr_trailing_stop_intraday"
"ZBRA","2024-05-01","2024-05-31",30,"28058.92","28159.83","100.91","0.36","atr_trailing_stop_intraday"
"QCOM","2024-05-03","2024-05-31",28,"30041.02","33238.11","3197.09","10.64","atr_trailing_stop_intraday"
"CEG","2024-05-09","2024-05-31",22,"24372.60","25025.81","653.20","2.68","atr_trailing_stop_intraday"
"MU","2024-05-29","2024-05-31",2,"35389.57","32957.69","-2431.88","-6.87","atr_trailing_stop_intraday"
"SBUX","2024-06-04","2024-06-11",7,"24701.09","24011.76","-689.33","-2.79","atr_trailing_stop_intraday"
"AVGO","2024-06-12","2024-06-21",9,"23972.54","26372.57","2400.02","10.01","atr_trailing_stop_intraday"
"NVDA","2024-05-24","2024-06-24",31,"41150.26","48508.89","7358.64","17.88","atr_trailing_stop_gap_down"
"EA","2024-06-05","2024-07-01",26,"20383.00","20419.56","36.56","0.18","atr_trailing_stop_intraday"
"AZN","2024-06-05","2024-07-02",27,"41374.61","39739.75","-1634.86","-3.95","atr_trailing_stop_gap_down"
"TSLA","2024-07-03","2024-07-12",9,"39660.46","39816.64","156.18","0.39","atr_trailing_stop_intraday"
"AMZN","2024-06-24","2024-07-17",23,"26330.03","26377.20","47.17","0.18","atr_trailing_stop_intraday"
"ANET","2024-07-02","2024-07-17",15,"35752.87","34856.60","-896.27","-2.51","atr_trailing_stop_intraday"
"GFS","2024-07-18","2024-07-23",5,"34986.92","32630.89","-2356.03","-6.73","atr_trailing_stop_intraday"
"FICO","2024-06-25","2024-07-24",29,"33260.13","35865.09","2604.96","7.83","atr_trailing_stop_intraday"
"VRSK","2024-06-05","2024-07-26",51,"32985.84","34755.04","1769.20","5.36","atr_trailing_stop_intraday"
"AOSL","2024-07-15","2024-07-30",15,"39932.28","38016.76","-1915.51","-4.80","atr_trailing_stop_intraday"
"VRSK","2024-07-31","2024-07-31",0,"39957.69","37895.68","-2062.00","-5.16","atr_trailing_stop_intraday"
"KTOS","2024-07-24","2024-08-02",9,"32623.96","30337.25","-2286.71","-7.01","atr_trailing_stop_intraday"
"BKR","2024-07-29","2024-08-02",4,"34691.84","33563.24","-1128.61","-3.25","atr_trailing_stop_intraday"
"AEP","2024-07-18","2024-08-05",18,"26248.86","27955.57","1706.70","6.50","atr_trailing_stop_intraday"
"CHKP","2024-07-25","2024-08-05",11,"33996.59","32971.31","-1025.28","-3.02","atr_trailing_stop_gap_down"
"XEL","2024-08-05","2024-08-05",0,"32722.82","30978.78","-1744.04","-5.33","atr_trailing_stop_intraday"
"EA","2024-08-01","2024-09-03",33,"33655.84","32865.48","-790.35","-2.35","atr_trailing_stop_intraday"
"AZN","2024-08-05","2024-09-03",29,"32682.70","35573.34","2890.64","8.84","atr_trailing_stop_intraday"
"DASH","2024-08-06","2024-09-06",31,"15931.66","15902.51","-29.15","-0.18","atr_trailing_stop_intraday"
"FTNT","2024-08-08","2024-09-12",35,"38713.95","41001.92","2287.97","5.91","atr_trailing_stop_intraday"
"AEP","2024-09-05","2024-09-19",14,"33182.70","32593.08","-589.62","-1.78","atr_trailing_stop_intraday"
"NOW","2024-09-20","2024-09-26",6,"32967.51","31466.78","-1500.73","-4.55","atr_trailing_stop_intraday"
"MELI","2024-09-13","2024-10-02",19,"40622.54","37852.24","-2770.30","-6.82","atr_trailing_stop_gap_down"
"XEL","2024-09-04","2024-10-04",30,"33165.59","33795.32","629.73","1.90","atr_trailing_stop_intraday"
"BIDU","2024-10-03","2024-10-14",11,"37815.18","34895.39","-2919.79","-7.72","atr_trailing_stop_intraday"
"JD","2024-09-27","2024-10-15",18,"31486.15","32230.61","744.46","2.36","atr_trailing_stop_intraday"
"BR","2024-08-07","2024-10-25",79,"39994.98","39224.20","-770.79","-1.93","atr_trailing_stop_intraday"
"PLTR","2024-09-10","2024-10-31",51,"17970.94","21143.80","3172.86","17.66","atr_trailing_stop_intraday"
"DASH","2024-10-15","2024-10-31",16,"34967.47","36057.64","1090.16","3.12","atr_trailing_stop_intraday"
"CEG","2024-10-07","2024-11-04",28,"33644.98","27419.78","-6225.19","-18.50","atr_trailing_stop_gap_down"
"HUBS","2024-10-28","2024-11-18",21,"32449.22","38059.27","5610.05","17.29","atr_trailing_stop_intraday"
"MRVL","2024-10-16","2024-12-10",55,"32291.16","42898.11","10606.94","32.85","atr_trailing_stop_intraday"
"BKNG","2024-11-01","2024-12-18",47,"36949.37","40019.62","3070.25","8.31","atr_trailing_stop_intraday"
"DASH","2024-11-01","2024-12-18",47,"26985.92","29417.28","2431.36","9.01","atr_trailing_stop_intraday"
"TWLO","2024-11-05","2024-12-18",43,"27488.74","33205.44","5716.70","20.80","atr_trailing_stop_intraday"
"GOOG","2024-12-11","2024-12-18",7,"37931.35","38802.10","870.76","2.30","atr_trailing_stop_intraday"
"NFLX","2024-11-19","2025-01-06",48,"38059.69","39697.44","1637.74","4.30","atr_trailing_stop_intraday"
"PLTR","2024-12-26","2025-01-08",13,"47175.30","38220.94","-8954.36","-18.98","atr_trailing_stop_intraday"
"NVDA","2025-01-07","2025-01-08",1,"9030.32","8228.28","-802.04","-8.88","atr_trailing_stop_intraday"
"TSM","2024-12-24","2025-01-10",17,"37501.84","37446.10","-55.74","-0.15","atr_trailing_stop_intraday"
"EBAY","2025-01-10","2025-01-23",13,"34754.13","32233.66","-2520.47","-7.25","atr_trailing_stop_intraday"
"ANET","2025-01-07","2025-01-27",20,"46103.69","42182.60","-3921.09","-8.50","atr_trailing_stop_gap_down"
"CEG","2025-01-13","2025-01-27",14,"37244.26","36175.72","-1068.55","-2.87","atr_trailing_stop_intraday"
"NOW","2025-01-24","2025-01-30",6,"32424.01","29155.62","-3268.39","-10.08","atr_trailing_stop_gap_down"
"GEHC","2025-01-10","2025-02-10",31,"11761.98","11982.07","220.10","1.87","atr_trailing_stop_intraday"
"KTOS","2025-01-07","2025-02-12",36,"46187.68","47962.60","1774.92","3.84","atr_trailing_stop_intraday"
"HUBS","2025-01-28","2025-02-19",22,"42168.67","42961.19","792.51","1.88","atr_trailing_stop_intraday"
"NET","2025-01-28","2025-02-20",23,"36219.33","42944.64","6725.31","18.57","atr_trailing_stop_intraday"
"PLTR","2025-02-11","2025-02-20",9,"11888.94","10491.57","-1397.37","-11.75","atr_trailing_stop_gap_down"
"META","2025-02-13","2025-02-21",8,"44577.76","42426.38","-2151.38","-4.83","atr_trailing_stop_intraday"
"SHOP","2025-01-31","2025-02-24",24,"29199.43","27381.58","-1817.86","-6.23","atr_trailing_stop_intraday"
"LRCX","2025-02-20","2025-02-24",4,"44194.22","40966.34","-3227.89","-7.30","atr_trailing_stop_intraday"
"STM","2025-02-21","2025-02-26",5,"12427.73","11490.58","-937.15","-7.54","atr_trailing_stop_intraday"
"ADI","2025-02-21","2025-02-27",6,"43258.37","39803.57","-3454.80","-7.99","atr_trailing_stop_intraday"
"MELI","2025-02-24","2025-02-28",4,"41063.76","37672.81","-3390.95","-8.26","atr_trailing_stop_intraday"
"SBUX","2025-03-03","2025-03-04",1,"31860.54","30738.64","-1121.90","-3.52","atr_trailing_stop_intraday"
"XEL","2025-03-03","2025-03-05",2,"31874.41","30761.79","-1112.62","-3.49","atr_trailing_stop_gap_down"
"EXC","2025-02-25","2025-03-06",9,"28659.18","28285.46","-373.73","-1.30","atr_trailing_stop_intraday"
"AZN","2025-02-25","2025-03-11",14,"41054.89","40803.13","-251.75","-0.61","market_signal_red"
"INTU","2025-02-27","2025-03-10",11,"11179.76","10335.53","-844.22","-7.55","atr_trailing_stop_intraday"
"OKTA","2025-03-05","2025-03-11",6,"39238.65","38066.46","-1172.19","-2.99","market_signal_red"
"JD","2025-03-06","2025-03-11",5,"36298.11","33683.86","-2614.25","-7.20","market_signal_red"
"FAST","2025-03-07","2025-03-11",4,"23489.35","24144.55","655.20","2.79","market_signal_red"
"MNST","2025-03-25","2025-03-27",2,"30318.07","30293.01","-25.07","-0.08","market_signal_red"
"FANG","2025-03-25","2025-03-27",2,"30292.90","30382.17","89.28","0.29","market_signal_red"
"PD","2025-03-25","2025-03-27",2,"30353.31","30104.82","-248.49","-0.82","market_signal_red"
"AMD","2025-03-25","2025-03-27",2,"30258.21","28317.20","-1941.01","-6.41","market_signal_red"
"CDNS","2025-03-25","2025-03-27",2,"30203.04","29588.94","-614.10","-2.03","market_signal_red"
"OKTA","2025-05-13","2025-05-28",15,"18524.00","16255.22","-2268.78","-12.25","atr_trailing_stop_gap_down"
"MELI","2025-05-13","2025-06-06",24,"17541.04","17142.14","-398.90","-2.27","atr_trailing_stop_intraday"
"AVGO","2025-05-29","2025-06-09",11,"36608.32","36158.50","-449.82","-1.23","atr_trailing_stop_intraday"
"KLAC","2025-06-10","2025-06-20",10,"37970.40","38813.00","842.60","2.22","atr_trailing_stop_intraday"
"ZS","2025-05-13","2025-07-11",59,"18490.78","22733.59","4242.81","22.95","atr_trailing_stop_intraday"
"MU","2025-06-23","2025-07-14",21,"38759.02","36804.82","-1954.20","-5.04","atr_trailing_stop_intraday"
"MCHP","2025-05-13","2025-07-23",71,"18591.88","21578.44","2986.56","16.06","atr_trailing_stop_intraday"
"JCI","2025-06-09","2025-07-29",50,"38475.59","39817.28","1341.69","3.49","atr_trailing_stop_gap_down"
"MSFT","2025-05-13","2025-08-01",80,"18228.61","21563.81","3335.20","18.30","atr_trailing_stop_intraday"
"ANET","2025-07-14","2025-08-01",18,"36923.18","39549.22","2626.04","7.11","atr_trailing_stop_intraday"
"ZBRA","2025-07-24","2025-08-01",8,"21432.15","20965.33","-466.82","-2.18","atr_trailing_stop_intraday"
"AVGO","2025-07-30","2025-08-01",2,"39906.43","37799.86","-2106.57","-5.28","atr_trailing_stop_intraday"
"DASH","2025-08-05","2025-08-08",3,"40261.88","39910.07","-351.81","-0.87","atr_trailing_stop_intraday"
"PLTR","2025-07-15","2025-08-19",35,"36804.10","41971.93","5167.83","14.04","atr_trailing_stop_intraday"
"CEG","2025-08-05","2025-08-19",14,"350.91","312.99","-37.92","-10.81","atr_trailing_stop_intraday"
"KTOS","2025-08-11","2025-08-20",9,"39919.70","36826.94","-3092.76","-7.75","atr_trailing_stop_intraday"
"ADI","2025-08-21","2025-09-04",14,"15700.63","15563.24","-137.39","-0.88","atr_trailing_stop_intraday"
"FAST","2025-08-20","2025-09-05",16,"31507.79","30486.45","-1021.34","-3.24","atr_trailing_stop_intraday"
"AZN","2025-08-21","2025-09-12",22,"31844.10","31547.73","-296.36","-0.93","atr_trailing_stop_intraday"
"ANET","2025-09-08","2025-09-12",4,"30500.84","30120.26","-380.58","-1.25","atr_trailing_stop_intraday"
"BIDU","2025-09-15","2025-09-23",8,"22654.50","24674.15","2019.65","8.91","atr_trailing_stop_intraday"
"IDXX","2025-08-05","2025-09-24",50,"39932.28","36657.07","-3275.20","-8.20","atr_trailing_stop_intraday"
"GOOG","2025-09-05","2025-10-10",35,"15560.97","15979.32","418.35","2.69","atr_trailing_stop_intraday"
"XEL","2025-09-25","2025-10-28",33,"32738.08","33321.06","582.98","1.78","atr_trailing_stop_intraday"
"MNST","2025-10-13","2025-10-29",16,"20017.10","19554.86","-462.24","-2.31","atr_trailing_stop_intraday"
"MPWR","2025-08-04","2025-10-31",88,"39454.39","49379.63","9925.24","25.16","atr_trailing_stop_intraday"
"TSM","2025-09-24","2025-11-07",44,"24544.01","24921.04","377.03","1.54","atr_trailing_stop_intraday"
"AVGO","2025-10-29","2025-11-07",9,"33097.63","30513.95","-2583.68","-7.81","atr_trailing_stop_intraday"
"SNOW","2025-11-03","2025-11-07",4,"45848.36","42070.55","-3777.82","-8.24","atr_trailing_stop_intraday"
"FROG","2025-11-10","2025-11-17",7,"45275.89","42365.99","-2909.90","-6.43","atr_trailing_stop_intraday"
"DDOG","2025-11-11","2025-11-18",7,"10334.96","9221.33","-1113.64","-10.78","atr_trailing_stop_intraday"
"MU","2025-09-15","2025-11-19",65,"39045.93","54116.75","15070.82","38.60","atr_trailing_stop_intraday"
"CSIQ","2025-11-10","2025-11-19",9,"45262.76","38349.03","-6913.73","-15.27","atr_trailing_stop_gap_down"
"AEP","2025-11-18","2025-11-24",6,"34828.60","33596.05","-1232.55","-3.54","atr_trailing_stop_intraday"
"WBD","2025-11-19","2025-12-18",29,"16918.20","19791.77","2873.56","16.99","atr_trailing_stop_intraday"
"BIIB","2025-11-24","2026-01-13",50,"40702.19","40642.71","-59.48","-0.15","atr_trailing_stop_intraday"
"GOOG","2025-10-30","2026-01-20",82,"19819.97","21818.03","1998.05","10.08","atr_trailing_stop_gap_down"
"GOOGL","2025-11-25","2026-01-20",56,"41067.22","40364.26","-702.96","-1.71","atr_trailing_stop_intraday"
"LULU","2025-12-19","2026-01-20",32,"23230.53","21396.29","-1834.24","-7.90","atr_trailing_stop_intraday"
"KTOS","2026-01-14","2026-01-22",8,"40665.82","38273.13","-2392.69","-5.88","atr_trailing_stop_intraday"
"MRNA","2026-01-21","2026-01-23",2,"43.52","47.26","3.73","8.58","atr_trailing_stop_intraday"
"ROST","2025-11-24","2026-01-27",64,"40756.12","43759.15","3003.03","7.37","atr_trailing_stop_intraday"
"GFS","2026-01-21","2026-01-30",9,"42927.24","40544.33","-2382.91","-5.55","atr_trailing_stop_intraday"
"MU","2026-01-23","2026-02-04",12,"38130.41","37143.66","-986.75","-2.59","atr_trailing_stop_intraday"
"ASML","2026-01-28","2026-02-04",7,"41769.81","37947.22","-3822.59","-9.15","atr_trailing_stop_intraday"
"GOOG","2026-02-03","2026-02-05",2,"41116.37","36913.12","-4203.25","-10.22","atr_trailing_stop_gap_down"
"ODFL","2026-02-05","2026-02-12",7,"37570.09","34821.35","-2748.74","-7.32","atr_trailing_stop_intraday"
"ALGN","2026-02-06","2026-02-23",17,"37019.62","36674.04","-345.58","-0.93","atr_trailing_stop_intraday"
"MNST","2026-01-21","2026-03-02",40,"40680.33","41185.83","505.50","1.24","atr_trailing_stop_intraday"
"BKR","2026-01-27","2026-03-04",36,"168.65","184.96","16.31","9.67","atr_trailing_stop_intraday"
"XEL","2026-02-24","2026-03-12",16,"31362.26","30172.60","-1189.66","-3.79","atr_trailing_stop_intraday"
"FANG","2026-02-05","2026-03-20",43,"38783.57","44700.49","5916.92","15.26","market_signal_red"
"IRDM","2026-02-13","2026-03-20",35,"34896.99","41236.60","6339.62","18.17","market_signal_red"
"NFLX","2026-03-03","2026-03-19",16,"23630.27","22903.44","-726.83","-3.08","atr_trailing_stop_intraday"
"ROST","2026-03-05","2026-03-20",15,"23015.03","22828.44","-186.59","-0.81","market_signal_red"
"MU","2026-03-17","2026-03-20",3,"29870.03","29271.77","-598.25","-2.00","market_signal_red"